Target sgRNA,OT,Cleavage Frequency
GGGTGGGGGGAGTTTGCTCCTGG,GAGTGGGTGGAGTTTGCTACAGG,0.493055555555556
GGGTGGGGGGAGTTTGCTCCTGG,GGTTGAGGGGAGTCTGCTCCAGG,0.356481481481481
GGGTGGGGGGAGTTTGCTCCTGG,AGCTGAGGGGAGCTTGCTCTGGG,0.421296296296296
GGGTGGGGGGAGTTTGCTCCTGG,AGGTGGTGGGAGCTTGTTCCTGG,0.458333333333333
GGGTGGGGGGAGTTTGCTCCTGG,GGGCAAGGGGAGGTTGCTCCTGG,0.449074074074074
GGGTGGGGGGAGTTTGCTCCTGG,CTGGTGGGGGAGCTTGCTCCAGG,0.814814814814815
GGGTGGGGGGAGTTTGCTCCTGG,GCGTGGGGGGTGTTTGCTCCCGG,0.775462962962963
GGGTGGGGGGAGTTTGCTCCTGG,GTGGGGGTAGAGTTTGCTCCAGG,0.787037037037037
GGGTGGGGGGAGTTTGCTCCTGG,GGGAGGGTGGAGTTTGCTCCTGG,0.884259259259259
GGGTGGGGGGAGTTTGCTCCTGG,GGGTGGGGGGAGTTTGCCCCAGG,0.796296296296296
GGGTGGGGGGAGTTTGCTCCTGG,GGGAGGGGGCAGGTTGCTCCAGG,0.168981481481481
GGGTGGGGGGAGTTTGCTCCTGG,AGGGAGGAGGAATTTGCTCCAGG,0.388888888888889
GGGTGGGGGGAGTTTGCTCCTGG,AGGTAGGAGAAGCTTGCTCCTGA,0.162037037037037
GGGTGGGGGGAGTTTGCTCCTGG,GGTGGGGGAGAGCTAGCTCCGGG,0.296296296296296
GGGTGGGGGGAGTTTGCTCCTGG,AAATGGGGGGAGTTTGCCCCCCG,0.108796296296296
GGGTGGGGGGAGTTTGCTCCTGG,GGGGGCGGGGAGGTTGCCCCGGG,0.108796296296296
GGGTGGGGGGAGTTTGCTCCTGG,GGGTGGGTGGAGTTTGCTACTGG,0.400462962962963
GGGTGGGGGGAGTTTGCTCCTGG,CGGGGGAGGGAGTTTGCTCCTGG,0.837962962962963
GGGTGGGGGGAGTTTGCTCCTGG,AAGTGGGAAGAGTTTGTTCCAGG,0.1875
GGGTGGGGGGAGTTTGCTCCTGG,AAGTGGGAGGAGACTGCTCCAGG,0.125
GGGTGGGGGGAGTTTGCTCCTGG,GGGGAGGGGGAGGGTGCTCCAGG,0.208333333333333
GGGTGGGGGGAGTTTGCTCCTGG,GGGGAGGGGAAGTTTGCTCCTGG,0.921296296296296
GGGTGGGGGGAGTTTGCTCCTGG,TAGTGGAGGGAGCTTGCTCCTGG,0.965277777777778
GGGTGGGGGGAGTTTGCTCCTGG,GGATGGAGGGAGTTTGCTCCTGG,0.988425925925926
GGGTGGGGGGAGTTTGCTCCTGG,GGGGGTGGGGACTTTGCTCCAGG,0.358796296296296
GGGTGGGGGGAGTTTGCTCCTGG,GGGCAGAGGGAGTTAGCACCGGG,0.342592592592593
GGGTGGGGGGAGTTTGCTCCTGG,GGAGGAGGGGAGTCTGCTCCAGG,0.587962962962963
GGGTGGGGGGAGTTTGCTCCTGG,GGGAGGGGAGAGTTTGTTCCAGG,0.203703703703704
GGGTGGGGGGAGTTTGCTCCTGG,AGGAAGGAGGAGTTAGCTCCTGG,0.31712962962963
GGGTGGGGGGAGTTTGCTCCTGG,AGGAAGGAGGAGTTAGCTCCTGG,0.31712962962963
GGGTGGGGGGAGTTTGCTCCTGG,AGGAAGGAGGAGTTAGCTCCTGG,0.31712962962963
GGGTGGGGGGAGTTTGCTCCTGG,AGGAAGGAGGAGTTAGCTCCTGG,0.31712962962963
GGGTGGGGGGAGTTTGCTCCTGG,AAGTAAGGGAAGTTTGCTCCTGG,0.266203703703704
GGGTGGGGGGAGTTTGCTCCTGG,GGTGGGGGTGGGTTTGCTCCTGG,0.583333333333333
GGGTGGGGGGAGTTTGCTCCTGG,AGCTGGAGGGAGTTTGCCCCAGG,0.261574074074074
GGGTGGGGGGAGTTTGCTCCTGG,GAGGGGGAGCAGTTTGCTCCAGG,0.613425925925926
GGGTGGGGGGAGTTTGCTCCTGG,GAGGGTGGGGAGTTTACTCCTGG,0.675925925925926
GGGTGGGGGGAGTTTGCTCCTGG,GGGTGAGGGGAATAAACTCCAGG,0.226851851851852
GGGTGGGGGGAGTTTGCTCCTGG,AGGTCGGGGGAGTTAGATCCCGG,0.215277777777778
GCCTCTTTCCCACCCACCTTGGG,ACCTCTTTCCATCCCACCTTGGG,0.0856481481481482
GCCTCTTTCCCACCCACCTTGGG,ACCTCTTCCCTCCCCACCTTTGG,0.099537037037037
GCCTCTTTCCCACCCACCTTGGG,GACTCTTTTCCACCCACCCTAGG,0.101851851851852
GCCTCTTTCCCACCCACCTTGGG,ACCTCCATCCTCCCCACCTTGGG,0.111111111111111
GCCTCTTTCCCACCCACCTTGGG,TGCTCTTCCCCACCCACCCAAGG,0.12962962962963
GCCTCTTTCCCACCCACCTTGGG,GCCCCTCCCCCACCCACCCTGGG,0.134259259259259
GCCTCTTTCCCACCCACCTTGGG,CACCCTTCCCCACCCACCCTGGG,0.152777777777778
GCCTCTTTCCCACCCACCTTGGG,ACCCCTTCCCCACCTACCTTGGG,0.719907407407407
GCCTCTTTCCCACCCACCTTGGG,ACCCCTTCCCCACTCACCTCCGG,0.19212962962963
GCCTCTTTCCCACCCACCTTGGG,ACCTCCTTCCCGCCCACCTGGGG,0.206018518518518
GCCTCTTTCCCACCCACCTTGGG,GCCTCTCCCCACCCACCCTTGGC,0.238425925925926
GCCTCTTTCCCACCCACCTTGGG,GCCCCTTACCCATCCACCCTGGG,0.0462962962962963
GCCTCTTTCCCACCCACCTTGGG,GGCTCCTCCTCACCCACCTCTGG,0.104166666666667
GCCTCTTTCCCACCCACCTTGGG,GCCCCTACCCCACCCACCTGGGT,0.277777777777778
GCCTCTTTCCCACCCACCTTGGG,GCTTCTTCCCCACCCACACTTGG,0.180555555555556
GCCTCTTTCCCACCCACCTTGGG,ACCTCTTATCCACCCACCTTGGC,0.240740740740741
GCCTCTTTCCCACCCACCTTGGG,GTGTATTCCCCACCCACCTTGGG,0.0648148148148148
GCCTCTTTCCCACCCACCTTGGG,GCCCCTTCCCCACCCACCCTGTG,0.0578703703703704
GCCTCTTTCCCACCCACCTTGGG,ACCTTGTCCCCACCCACCAGGGG,0.0486111111111111
GCCTCTTTCCCACCCACCTTGGG,GTCTCTTTCCCATCCACCTTTGA,0.291666666666667
GCCTCTTTCCCACCCACCTTGGG,TCCTCTTCTCCACCCACCATAGG,0.331018518518518
GCCTCTTTCCCACCCACCTTGGG,TTCTCTTCCCCACCCACCTTTGA,0.337962962962963
GCCTCTTTCCCACCCACCTTGGG,GCCTCTTTACCACCTCACCTTGG,0.347222222222222
GCCTCTTTCCCACCCACCTTGGG,GCCTCTTCCACACCCACCCTGGG,0.462962962962963
GCCTCTTTCCCACCCACCTTGGG,GTCTCTTTCTCACCCACTTTGGG,0.511574074074074
GCCTCTTTCCCACCCACCTTGGG,TCCTCTTCTCCACCCACCTCTGG,0.539351851851852
GCCTCTTTCCCACCCACCTTGGG,ACGTCTTCCCCACCCACCTGGGG,0.548611111111111
GCCTCTTTCCCACCCACCTTGGG,TCCTCTCTCCCACCCACCTCCGG,0.622685185185185
GCCTCTTTCCCACCCACCTTGGG,CCCTCCTTCCCACCCACTTTGGG,0.625
GCCTCTTTCCCACCCACCTTGGG,TCCTCCTCCCCACCCACCTTCAG,0.712962962962963
GCCTCTTTCCCACCCACCTTGGG,CACCCTTTCCCATCCACCTTTGG,0.49537037037037
GCCTCTTTCCCACCCACCTTGGG,GCCCCTGCCCCACCCACCTGTGG,0.0439814814814815
GCCTCTTTCCCACCCACCTTGGG,ACTTCCTTCCCACCCACCTTCAG,0.543981481481482
GTCACCTCCAATGACTAGGGTGG,GTCACCTTAAATGACTTGGGAAG,0.037037037037037
GTCACCTCCAATGACTAGGGTGG,GCTACCTCCAGTGACTAGGGAAG,0.872685185185185
GTCACCTCCAATGACTAGGGTGG,GTCAACTCCAATGGCTTGGGAGG,0.0509259259259259
GTCACCTCCAATGACTAGGGTGG,GTCACTTCCAAGGACTAGAGAAG,0.0001
GTCACCTCCAATGACTAGGGTGG,GTCACCTCCACTTCCTAGGGCAG,0.0810185185185185
GTCACCTCCAATGACTAGGGTGG,TTCACCTCCAAAAACTAGGGAAG,0.284722222222222
GTCACCTCCAATGACTAGGGTGG,GTCAACTCCAATGATTAGGACAG,0.136574074074074
GTCACCTCCAATGACTAGGGTGG,GTCACCTCCAGGGTCTAGGGCAG,0.0625
GAACACAAAGCATAGACTGCGGG,AAACATAAAGCATAGACTGCAAA,0.537037037037037
GAACACAAAGCATAGACTGCGGG,GAACACAATGCATAGATTGCCGG,0.935185185185185
GAGTCCGAGCAGAAGAAGAAGGG,GAGTCCCAGAAGAAGAAAAAAAG,0.224537037037037
GAGTCCGAGCAGAAGAAGAAGGG,GAGGCCCAGCAGAGGAAGAAGAG,0.025462962962963
GAGTCCGAGCAGAAGAAGAAGGG,TCATCCAAGCAGAAGAAGAAGAG,0.243055555555556
GAGTCCGAGCAGAAGAAGAAGGG,AAGTCTGAGCAGAAGAAGCACAG,0.298611111111111
GAGTCCGAGCAGAAGAAGAAGGG,GAGTAGGAGCAGGAGAAGAAGGA,0.219907407407407
GAGTCCGAGCAGAAGAAGAAGGG,GAGTCCAAGCAGTAGAGGAAGGG,0.456018518518519
GAGTCCGAGCAGAAGAAGAAGGG,ACGTCTGAGCAGAAGAAGAATGG,0.497685185185185
GAGTCCGAGCAGAAGAAGAAGGG,AAGTCCGAGGAGAGGAAGAAAGG,0.636574074074074
GAGTCCGAGCAGAAGAAGAAGGG,GAGTCCCAGGAGAAGAAAAACAG,0.0231481481481481
GAGTCCGAGCAGAAGAAGAAGGG,GAGTCCCAGGAGAAGAAAAACAG,0.0231481481481481
GAGTCCGAGCAGAAGAAGAAGGG,GAGCCGGAGCAGAAGAAGGAGGG,0.703703703703704
GAGTCCGAGCAGAAGAAGAAGGG,GAGTTTGAGTAGAAGAAGAAGAG,0.0115740740740741
GAGTCCGAGCAGAAGAAGAAGGG,GAGTCCCAGCAGAGGAAGCAGAG,0.0138888888888889
GAGTCCGAGCAGAAGAAGAAGGG,AAGTCCCGGCAGAGGAAGAAGGG,0.275462962962963
GAGTCCGAGCAGAAGAAGAAGGG,GAGTAGGAGGAGAAGAAGAAAGG,0.00694444444444444
GAGTCCGAGCAGAAGAAGAAGGG,GAGTCCGAGAAAATGAAGAAGAG,0.0001
GAGTCCGAGCAGAAGAAGAAGGG,AAGTCAGAGCAGAAAAAGAGAGG,0.273148148148148
GAGTCCGAGCAGAAGAAGAAGGG,GAATCCAAGCAGGAGAAGAAGGA,0.694444444444444
GAGTCCGAGCAGAAGAAGAAGGG,GATTCCTACCAGAAGAAGAATGG,0.0001
GAGTCCGAGCAGAAGAAGAAGGG,GAGTCCGGGAAGGAGAAGAAAGG,0.759259259259259
GAGTCCGAGCAGAAGAAGAAGGG,AAGTCAGAGGAGAAGAAGAAGGG,0.196759259259259
GAGTCCGAGCAGAAGAAGAAGGG,GAGTCTGGGCAGGAGAAGAAGAG,0.157407407407407
GAGTCCGAGCAGAAGAAGAAGGG,GAGTAAGAGAAGAAGAAGAAGGG,0.0001
GAGTCCGAGCAGAAGAAGAAGGG,GAGTCTAAGCAGGAGAATAAAGG,0.127314814814815
GAGTCCGAGCAGAAGAAGAAGGG,GAGGCCGAGCAGAAGAAAGACGG,0.881944444444444
GAGTCCGAGCAGAAGAAGAAGGG,AAGTCTGAGCACAAGAAGAATGG,0.798611111111111
GAGTCCGAGCAGAAGAAGAAGGG,GAGTCCTAGCAGGAGAAGAAGAG,0.909722222222222
GAGTCCGAGCAGAAGAAGAAGGG,GAGTCTAAGCAGAAGAAGAAGAG,0.974537037037037
GAGTCCGAGCAGAAGAAGAAGGG,GAGTTAGAGCAGAAGAAGAAAGG,0.986111111111111
GAGTCCGAGCAGAAGAAGAAGGG,AAGTCCGAGAAGAAGCAGAAAAG,0.00462962962962963
GAGTCCGAGCAGAAGAAGAAGGG,AAGCCCGAGCAAAGGAAGAAAGG,0.574074074074074
GAGTCCGAGCAGAAGAAGAAGGG,GAGTCCCAGCAAAAGAAGAAAAG,0.0001
GAGTCCGAGCAGAAGAAGAAGGG,GAGTCCAAGCAGAGGAAGGATAG,0.0001
GAGTCCGAGCAGAAGAAGAAGGG,GAGAGCAAGCAGAAGAAGAAAAG,0.0001
GAGTCCGAGCAGAAGAAGAAGGG,GAGTTCCAGAAGAAGAAGAAGAG,0.0277777777777778
GAGTCCGAGCAGAAGAAGAAGGG,GAGTACTAGAAGAAGAAGAAAAG,0.00925925925925926
GAGTCCGAGCAGAAGAAGAAGGG,GAGTCAGAACAGAAGAACAACAG,0.0300925925925926
GAGTCCGAGCAGAAGAAGAAGGG,GAGTCAGAGCAGAACTAGAAGGG,0.0324074074074074
GAGTCCGAGCAGAAGAAGAAGGG,GACTCCTAGCAAAAGAAGAATGG,0.0393518518518519
GAGTCCGAGCAGAAGAAGAAGGG,GAGTCTGAACGGAAGAAGAAAAG,0.0532407407407407
GAGTCCGAGCAGAAGAAGAAGGG,GAGTCAGACCAGGAGAAGAAGAG,0.0601851851851852
GAGTCCGAGCAGAAGAAGAAGGG,GAGTCCAAGAAGAATAAGAATAG,0.0740740740740741
GAGTCCGAGCAGAAGAAGAAGGG,GAATCCAAGCAGAAGAAGAGAAG,0.217592592592593
GAGTCCGAGCAGAAGAAGAAGGG,GAGTCCCAGGAGAAGAAGAGAGG,0.00231481481481481
GAGTCCGAGCAGAAGAAGAAGGG,GAGCACGAGCAAGAGAAGAAGGG,0.127314814814815
CCCTGTGTCTCTGGATGGATGGG,CCCTGTGTCTCTGGGTGGAAGAG,0.664351851851852
CCCTGTGTCTCTGGATGGATGGG,CCCTGTGTCTCTGGGTGGAAGAG,0.664351851851852
GGAATCCCTTCTGCAGCACCTGG,TGAATCCCATCTCCAGCACCAGG,0.747685185185185
GGAATCCCTTCTGCAGCACCTGG,GGAACCCCGTCTGCAGCACCAGG,0.99537037037037
GGAATCCCTTCTGCAGCACCTGG,GGAGTCCCTCCTACAGCACCAGG,0.907407407407407
GGAATCCCTTCTGCAGCACCTGG,GGAGTCCCTCCTACAGCACCAGG,0.907407407407407
GGAATCCCTTCTGCAGCACCTGG,AGAGGCCCCTCTGCAGCACCAGG,0.833333333333333
GGAATCCCTTCTGCAGCACCTGG,ACCATCCCTCCTGCAGCACCAGG,0.81712962962963
GGAATCCCTTCTGCAGCACCTGG,GGATTGCCATCCGCAGCACCTGG,0.784722222222222
GGAATCCCTTCTGCAGCACCTGG,GGAGTCCCTCCTGCAGCACCTGA,0.259259259259259
GGTGAGTGAGTGTGTGCGTGTGG,CGCGAGTGAGTGTGTGCGCGGGG,0.740740740740741
GGTGAGTGAGTGTGTGCGTGTGG,TGTGGGTGAGTGTGTGCGTGAGA,0.863425925925926
GGTGAGTGAGTGTGTGCGTGTGG,GGTGAGTGTGTGTGTGCATGTGG,0.451388888888889
GGTGAGTGAGTGTGTGCGTGTGG,AGCGAGTGGGTGTGTGCGTGGGG,0.898148148148148
GGTGAGTGAGTGTGTGCGTGTGG,AGTGAGTATGTGTGTGTGTGGGG,0.502314814814815
GGTGAGTGAGTGTGTGCGTGTGG,ACTGTGTGAGTGTGTGCGTGAGG,0.900462962962963
GGTGAGTGAGTGTGTGCGTGTGG,TGTGAGTAAGTGTGTGTGTGTGG,0.93287037037037
GGTGAGTGAGTGTGTGCGTGTGG,AGAGAGTGAGTGTGTGCATGAGG,0.976851851851852
GGTGAGTGAGTGTGTGCGTGTGG,GGTGAGTGAGTGCGTGCGGGTGG,0.951388888888889
GGTGAGTGAGTGTGTGCGTGTGG,GCTGAGTGAGTGTATGCGTGTGG,0.962962962962963
GGTGAGTGAGTGTGTGCGTGTGG,TGTGGGTGAGTGTGTGCGTGAGG,0.967592592592593
GGTGAGTGAGTGTGTGCGTGTGG,AGTGAGTGAGTGTGTGTGTGGGG,0.983796296296296
GGTGAGTGAGTGTGTGCGTGTGG,GGTGAGTAAGTGTGAGCGTAAGG,0.451388888888889
GGTGAGTGAGTGTGTGCGTGTGG,AGTGAATGAGTGTGTGTGTGTGG,0.939814814814815
GGTGAGTGAGTGTGTGCGTGTGG,GGTGAGTGAGTGTGTGTGTGAGG,0.738425925925926
GGTGAGTGAGTGTGTGCGTGTGG,GTAGAGTGAGTGTGTGTGTGTGG,0.597222222222222
GGTGAGTGAGTGTGTGCGTGTGG,AGTGTGTGAGTGTGTGCGTGTGG,0.87962962962963
GGTGAGTGAGTGTGTGCGTGTGG,GTTGAGTGAATGTGTGCGTGAGG,0.946759259259259
GGTGAGTGAGTGTGTGCGTGTGG,AGTGAGTGAGTGAGTGAGTGGGG,0.444444444444444
GGTGAGTGAGTGTGTGCGTGTGG,GGTGTGTGAGTGTGTGTGTGTGG,0.659722222222222
GGTGAGTGAGTGTGTGCGTGTGG,TGTGAGTGAGTGTGTGTATGGGG,0.645833333333333
GGTGAGTGAGTGTGTGCGTGTGG,AGTGAGTGAGTGAGTGAGTGAGG,0.631944444444444
GGTGAGTGAGTGTGTGCGTGTGG,AGTGAGTGAGTGAGTGAGTGAGG,0.631944444444444
GGTGAGTGAGTGTGTGCGTGTGG,AGTGAGTGAGTGAGTGAGTGAGG,0.631944444444444
GGTGAGTGAGTGTGTGCGTGTGG,TGTGGGTGAGCATGTGCGTGAGG,0.599537037037037
GGTGAGTGAGTGTGTGCGTGTGG,GGTGGATGAGTGTGTGTGTGGGG,0.564814814814815
GGTGAGTGAGTGTGTGCGTGTGG,TGTGAGTGAGTGTGTGCGTGTGA,0.532407407407407
GGTGAGTGAGTGTGTGCGTGTGG,CATGAGTGAGTGTGTGGGTGGGG,0.516203703703704
GGTGAGTGAGTGTGTGCGTGTGG,GATGAGTGAGTGAGTGAGTGGGG,0.479166666666667
GGTGAGTGAGTGTGTGCGTGTGG,AGCGAGTGAGTGTGTGTGTGGGG,0.699074074074074
GGTGAGTGAGTGTGTGCGTGTGG,GGAGAGTGAGTGTGTGTGTGAGA,0.467592592592593
GGTGAGTGAGTGTGTGCGTGTGG,GGTGAGTCAGTGTGTGAGTGAGG,0.673611111111111
GGTGAGTGAGTGTGTGCGTGTGG,CTGGAGTGAGTGTGTGTGTGTGG,0.736111111111111
GGTGAGTGAGTGTGTGCGTGTGG,AATGAGTGAGTGTGTGTGTGTGA,0.282407407407407
GGTGAGTGAGTGTGTGCGTGTGG,AGTGAGAAAGTGTGTGCATGCGG,0.229166666666667
GGTGAGTGAGTGTGTGCGTGTGG,GGAGAGTGAGTGTGTGCATGTGC,0.148148148148148
GGTGAGTGAGTGTGTGCGTGTGG,AGTGAGTGAGTGTGAGTGCGGGG,0.173611111111111
GGTGAGTGAGTGTGTGCGTGTGG,GGTGAATGAGTGTGTGCTCTGGG,0.409722222222222
GGTGAGTGAGTGTGTGCGTGTGG,AGGGAGTGACTGTGTGCGTGTGG,0.402777777777778
GGTGAGTGAGTGTGTGCGTGTGG,TGTGAGAGAGAGTGTGCGTGTGG,0.0972222222222222
GGTGAGTGAGTGTGTGCGTGTGG,AGTGAGTGAGTGTGTGTGTGAGA,0.381944444444444
GGTGAGTGAGTGTGTGCGTGTGG,GGTGAGCAAGTGTGTGTGTGTGG,0.363425925925926
GGTGAGTGAGTGTGTGCGTGTGG,CGTGAGTGAGTGTGTACCTGGGG,0.349537037037037
GGTGAGTGAGTGTGTGCGTGTGG,GGTGGATGACTGTGTGTGTGGGG,0.335648148148148
GGTGAGTGAGTGTGTGCGTGTGG,AGTGAGTAAGTGAGTGAGTGAGG,0.324074074074074
GGTGAGTGAGTGTGTGCGTGTGG,GGTGTATGAGTGTGTGTGTGAGG,0.324074074074074
GGTGAGTGAGTGTGTGCGTGTGG,TGTGAGTGAGTATGTACATGTGG,0.324074074074074
GGTGAGTGAGTGTGTGCGTGTGG,GATGAGTGTGTGTGTGTGTGAGG,0.430555555555556
GGTGAGTGAGTGTGTGCGTGTGG,AGTGAGTGAGTGTGTGTGTGTGA,0.173611111111111
GGTGAGTGAGTGTGTGCGTGTGG,TGTGAGTGGGTGTGTGTGTGGGG,0.310185185185185
GGTGAGTGAGTGTGTGCGTGTGG,GGTGAGAGAGTGTGTGCGTAGGA,0.25
GGTGAGTGAGTGTGTGCGTGTGG,TGTGGGTGAGTGTGTGTGTGTGG,0.324074074074074
GGTGAGTGAGTGTGTGCGTGTGG,TGTGAGTGAGTGTGTGTGTGTGA,0.50462962962963
GGTGAGTGAGTGTGTGCGTGTGG,TGTGAGTGAGTGTGTGTGTGTGA,0.50462962962963
GGTGAGTGAGTGTGTGCGTGTGG,TGTGAGTGAGTGTGTGTGTGTGA,0.50462962962963
GGTGAGTGAGTGTGTGCGTGTGG,TGTGAGTGAGTGTGTGTGTGTGA,0.50462962962963
GGTGAGTGAGTGTGTGCGTGTGG,TGTGAGTGAGTGTGTGTGTGTGA,0.50462962962963
GGTGAGTGAGTGTGTGCGTGTGG,TGTGAGTGAGTGTGTGTGTGTGA,0.50462962962963
GGTGAGTGAGTGTGTGCGTGTGG,GGTGTGTGGGTGGGGGTGTGTGG,0.148148148148148
GGTGAGTGAGTGTGTGCGTGTGG,GGTGTGTGGGTGGGGGTGTGTGG,0.148148148148148
GGTGAGTGAGTGTGTGCGTGTGG,GGTGTGTGGGTGGGGGTGTGTGG,0.148148148148148
GGTGAGTGAGTGTGTGCGTGTGG,GGTGTGTGGGTGGGGGTGTGTGG,0.148148148148148
GGTGAGTGAGTGTGTGCGTGTGG,GGTGTGTGGGTGGGGGTGTGTGG,0.148148148148148
GGTGAGTGAGTGTGTGCGTGTGG,GGTGTGTGGGTGGGGGTGTGTGG,0.148148148148148
GGTGAGTGAGTGTGTGCGTGTGG,AGGGAGTGAGTGTGAGAGTGCGG,0.122685185185185
GGTGAGTGAGTGTGTGCGTGTGG,TGTGAGAGAGTGTGTGTGTGGAG,0.122685185185185
GGTGAGTGAGTGTGTGCGTGTGG,GGGGGGTGAGTGTGTGTGTGGGG,0.0972222222222222
GGTGAGTGAGTGTGTGCGTGTGG,GGTGAGAGAGTGTGTGCACGGGG,0.122685185185185
GGCCAGGCTTTGGGGAGGCCTGG,CGCCAGGCTCAGGGGAGGCCCGG,0.0416666666666667
GGCCAGGCTTTGGGGAGGCCTGG,AGACAGGCTCTGGGGAGGCCTGG,0.0347222222222222
GGCCAGGCTTTGGGGAGGCCTGG,AGGTGGGCTTTGGGGAGGCCGGG,0.386574074074074
GGCCAGGCTTTGGGGAGGCCTGG,GGCTGGGGTTTGGGGAGGCCCAG,0.087962962962963
GGCCAGGCTTTGGGGAGGCCTGG,GGTCAGGCTCCGGGGAGGCCGAG,0.0462962962962963
GGCCAGGCTTTGGGGAGGCCTGG,GTTGAGGTTTTGGGGAGGCCCGG,0.0462962962962963
GGCCAGGCTTTGGGGAGGCCTGG,TGCCAGGCTCTGGGGAGGCCAAG,0.0462962962962963
GGCCAGGCTTTGGGGAGGCCTGG,GGCCTGGCTTTGGGCAGGCCCAG,0.0416666666666667
TGGATGGAGGAATGAGGAGTTGG,TCTCAGGAGGAATGAGGAGTTGG,0.231481481481481
TGGATGGAGGAATGAGGAGTTGG,GGGAGGGAGGAATGAGGAGTGGG,0.953703703703704
TGGATGGAGGAATGAGGAGTTGG,GGGATGGAGGGATGAGGAGTGGG,0.949074074074074
TGGATGGAGGAATGAGGAGTTGG,TCCATGGAGGAATGAGGAGAGGG,0.56712962962963
TGGATGGAGGAATGAGGAGTTGG,ACGATGGAGGAATGAGGACTTGG,0.689814814814815
TGGATGGAGGAATGAGGAGTTGG,GCGATGGAGGAATGAAGAGTTGG,0.62037037037037
TGGATGGAGGAATGAGGAGTTGG,GAGGATGGGGAATGAGGAGTAGG,0.773148148148148
TGGATGGAGGAATGAGGAGTTGG,CGGACGGAGGAATGGGGAGTGGG,0.782407407407407
TGGATGGAGGAATGAGGAGTTGG,AGGAGGGAGGAATGGGGAGTTGG,0.895833333333333
TGGATGGAGGAATGAGGAGTTGG,TGGATGGAGGGATGAGGAGTGGG,0.944444444444444
TGGATGGAGGAATGAGGAGTTGG,TAGATGAAGGAATGAGGAGAAGG,0.231481481481481
TGGATGGAGGAATGAGGAGTTGG,TGGATGGAAGAATGAGGGGTGGG,0.69212962962963
GGGAAAGACCCAGCATCCGTGGG,GGGAAAGTCCCAGCATCCTTTGG,0.993055555555556
GGGAAAGACCCAGCATCCGTGGG,GGGAAAAGCCCAGCATCCCTTGG,0.958333333333333
GGGAAAGACCCAGCATCCGTGGG,GGGAAGGACCCAGCATCCTGGGG,0.902777777777778
GGGAAAGACCCAGCATCCGTGGG,GGGAAATACCCAGCATCCAATGG,0.768518518518518
GGGAAAGACCCAGCATCCGTGGG,CAAGAAGACCCAGCTTCCGTAGG,0.627314814814815
GGGAAAGACCCAGCATCCGTGGG,GGAAAAGACCAAGCATCAGTGGG,0.509259259259259
GGGAAAGACCCAGCATCCGTGGG,ATGAAAGACCCAGCATCCATTGA,0.423611111111111
GGGAAAGACCCAGCATCCGTGGG,GGGAAGGACCCAGCATTCCTGGG,0.375
GGGAAAGACCCAGCATCCGTGGG,GAGAAAAGCCCAGCATCCTTAGG,0.530092592592593
GCGCCACCGGTTGATGTGATGGG,GGGCCATGGGTTGATGTGATGAG,0.0001
GCCTCCCCAAAGCCTGGCCAGGG,TCCTCCCCACAGCCTGGCCAGGG,0.981481481481482
GCCTCCCCAAAGCCTGGCCAGGG,GCTGCCCGAGAGCCTGGCCATGG,0.0001
GCCTCCCCAAAGCCTGGCCAGGG,ACCTCCCCATAGCCTGGCCAGGG,0.990740740740741
GCCTCCCCAAAGCCTGGCCAGGG,TTCTCCCCAAAGCCTGGCCACAG,0.393518518518519
GCCTCCCCAAAGCCTGGCCAGGG,GACCCCTCAAAGCCTGGCCAGAG,0.231481481481481
GCCTCCCCAAAGCCTGGCCAGGG,GGCCGCCCAGAGCCTGGCCAGAG,0.189814814814815
GCCTCCCCAAAGCCTGGCCAGGG,ACCAACCCAGAGCCTGGCCAGGG,0.138888888888889
GCCTCCCCAAAGCCTGGCCAGGG,GCCTGCCGAAGGCCTGGCCAGGG,0.0001
GCCTCCCCAAAGCCTGGCCAGGG,TTCTCTCCAAAGCCTGGCCAGAG,0.344907407407407
GACTTGTTTTCATTGTTCTCAGG,TCCTTGTTTTCATTGTTCTCTGG,0.87037037037037
GACTTGTTTTCATTGTTCTCAGG,CATTTGTTTTCATTGTTCTCTGG,0.606481481481482
GGCCCAGACTGAGCACGTGATGG,GAGCCAGAATGAGCACGTGAGGG,0.3125
GGCCCAGACTGAGCACGTGATGG,AGACCAGACTGAGCAAGAGAGGG,0.594907407407407
GGCCCAGACTGAGCACGTGATGG,AGCTCAGACTGAGCAAGTGAGGG,0.930555555555556
GGCCCAGACTGAGCACGTGATGG,GACACAGACCGGGCACGTGAGGG,0.972222222222222
GGCCCAGACTGAGCACGTGATGG,CACCCAGACTGAGCACGTGCTGG,0.979166666666667
GACCCCCTCCACCCCGCCTCCGG,TTCCCCCCCAACCCCACCTCGGG,0.0902777777777778
GACCCCCTCCACCCCGCCTCCGG,TTCCCCCCCAACCCCACCTCGGG,0.0902777777777778
GACCCCCTCCACCCCGCCTCCGG,TCCTCCTTCCACTCCGCCTCTGG,0.0902777777777778
GACCCCCTCCACCCCGCCTCCGG,GTCCCCTCCCTCCCCGCCTCTGG,0.0902777777777778
GACCCCCTCCACCCCGCCTCCGG,GACCCCCTTCACCCCACCTATGG,0.0902777777777778
GACCCCCTCCACCCCGCCTCCGG,CCGCCCCTGCACCCAGCCTCCGG,0.233796296296296
GACCCCCTCCACCCCGCCTCCGG,CTCCCCCTACACCCCGCAACAGG,0.0902777777777778
GACCCCCTCCACCCCGCCTCCGG,CCACCCCTCCACCCCGTCCCAGG,0.0902777777777778
GACCCCCTCCACCCCGCCTCCGG,TTTCCCCCCCACCCCAACTCAGG,0.113425925925926
GACCCCCTCCACCCCGCCTCCGG,TGCCCCCTCCACCCCACCTCTGA,0.113425925925926
GACCCCCTCCACCCCGCCTCCGG,GGCTCACCCCACCCCACCTCTGG,0.113425925925926
GACCCCCTCCACCCCGCCTCCGG,GGCCCTCTCCACTCCACCTCAGG,0.113425925925926
GACCCCCTCCACCCCGCCTCCGG,GACCCCCCCCACCCCACCCCAGG,0.113425925925926
GACCCCCTCCACCCCGCCTCCGG,CCTGCCCCCCACCCCGCCCCAGG,0.0902777777777778
GACCCCCTCCACCCCGCCTCCGG,CCCCCACCCCACCCCGCCTCCAG,0.233796296296296
GACCCCCTCCACCCCGCCTCCGG,AGCCCCCCCCTCCCCGCCCCAGG,0.0694444444444445
GACCCCCTCCACCCCGCCTCCGG,CAGCCCCTCCACTCCACCCCCGG,0.0694444444444445
GACCCCCTCCACCCCGCCTCCGG,CCCCCCCTCCACCCCACTTCAGG,0.0694444444444445
GACCCCCTCCACCCCGCCTCCGG,GGCTCCCTCCGCCCCGCCCCGGG,0.178240740740741
GACCCCCTCCACCCCGCCTCCGG,GACCCCACCCACCCCGCCGCAGG,0.178240740740741
GACCCCCTCCACCCCGCCTCCGG,AGTAGCCCCCACCCCGCCTCGGG,0.178240740740741
GACCCCCTCCACCCCGCCTCCGG,GACCCCCCCCCCCCGCCCCCGGG,0.194444444444444
GACCCCCTCCACCCCGCCTCCGG,CTCCCCCTCCACCCCACCTCCAG,0.194444444444444
GACCCCCTCCACCCCGCCTCCGG,CGTCCCCCCCCCCCCGCCTCAGG,0.212962962962963
GACCCCCTCCACCCCGCCTCCGG,CCGCCCCCCCATCCCGCCCCAGG,0.212962962962963
GACCCCCTCCACCCCGCCTCCGG,CCCCCTCCCCACCCCGCCGCAGG,0.212962962962963
GACCCCCTCCACCCCGCCTCCGG,CACCCCGCCCACCCCGCCCCTGG,0.212962962962963
GACCCCCTCCACCCCGCCTCCGG,AGTCCCATCCACCCCGCCTAAGG,0.212962962962963
GACCCCCTCCACCCCGCCTCCGG,ACCCCACCCCACCCCGTCTCCGG,0.212962962962963
GACCCCCTCCACCCCGCCTCCGG,GGCCCCACCCACCCCGCCTTCTG,0.233796296296296
GACCCCCTCCACCCCGCCTCCGG,TTCCCCTTCCACCCAGCCTCTGG,0.159722222222222
GACCCCCTCCACCCCGCCTCCGG,AACCCTCTCCACCCAGTCTCAGG,0.141203703703704
GACCCCCTCCACCCCGCCTCCGG,CCCCCCCCTCACCCCGCCCCTGG,0.113425925925926
GACCCCCTCCACCCCGCCTCCGG,TAGCCCCTCCACCCCACCACAGG,0.178240740740741
GACCCCCTCCACCCCGCCTCCGG,GCCTCCCCCCACCCAGCCTCGGG,0.252314814814815
GACCCCCTCCACCCCGCCTCCGG,CTACCCCTCCACCCCGACTCGGA,0.321759259259259
GACCCCCTCCACCCCGCCTCCGG,CCCCCCTCCCACCCCGCCTCTAG,0.321759259259259
GACCCCCTCCACCCCGCCTCCGG,AACACCCCCCACCCCACCCCGGG,0.252314814814815
GACCCCCTCCACCCCGCCTCCGG,TCCCCCCTCCACCCCCGCCCCCG,0.263888888888889
GACCCCCTCCACCCCGCCTCCGG,TACTCCCCCCACCCAGCCTCAGG,0.263888888888889
GACCCCCTCCACCCCGCCTCCGG,CACCCCCCCCCCCCCGCCCCCGG,0.263888888888889
GACCCCCTCCACCCCGCCTCCGG,ACTCCCCTCCACCCCACCTCTGA,0.263888888888889
GACCCCCTCCACCCCGCCTCCGG,TCTCCCCTCCACCCCGCCCTCGG,0.280092592592593
GACCCCCTCCACCCCGCCTCCGG,CACCTCCACAACTCCGCCTCTGG,0.280092592592593
GACCCCCTCCACCCCGCCTCCGG,AGCCGCCCCCACCCCGCCCCCGG,0.252314814814815
GACCCCCTCCACCCCGCCTCCGG,GCCACCCCCCACCCCACCCCAGG,0.293981481481481
GACCCCCTCCACCCCGCCTCCGG,GACACACCCCCCCCCGCCTCCGG,0.293981481481481
GACCCCCTCCACCCCGCCTCCGG,CGCCCACCCCACCCCACCTCAGG,0.300925925925926
GACCCCCTCCACCCCGCCTCCGG,CCCCACCCCCACCCCGCCCCCGG,0.293981481481481
GACCCCCTCCACCCCGCCTCCGG,CCACCATCCCACCCCGCCTCTGG,0.293981481481481
GACCCCCTCCACCCCGCCTCCGG,AACCTCCACCTCCCCGCCTCAGG,0.293981481481481
GACCCCCTCCACCCCGCCTCCGG,AGGCCCTCCCACCCCGCATCAGG,0.280092592592593
GACCCCCTCCACCCCGCCTCCGG,GGCCCACTCCACTCCGTCTCCGG,0.30787037037037
GACCCCCTCCACCCCGCCTCCGG,TGCACCCCCCACCCCGCCCCTGG,0.414351851851852
GACCCCCTCCACCCCGCCTCCGG,CACCCCCCGCACCCCGCCCCAGG,0.300925925925926
GACCCCCTCCACCCCGCCTCCGG,CACACCCACCACCCCGCCTCAGA,0.30787037037037
GACCCCCTCCACCCCGCCTCCGG,AGACCCCCCCACCCCACCCCAGG,0.321759259259259
GACCCCCTCCACCCCGCCTCCGG,AGACCCCCCCACCCCACCCCAGG,0.321759259259259
GACCCCCTCCACCCCGCCTCCGG,TGGCCCCTCCGCCCCACCTCTGG,0.328703703703704
GACCCCCTCCACCCCGCCTCCGG,CACCCCCTCCCCTCCGCCTCAGG,0.328703703703704
GACCCCCTCCACCCCGCCTCCGG,GTCCCCTCCCACCCCGCCTCCAG,0.354166666666667
GACCCCCTCCACCCCGCCTCCGG,AACCTCCCCCACCCCACCCCAGG,0.354166666666667
GACCCCCTCCACCCCGCCTCCGG,CCGCCCCCCCACCCCAACTCCGG,0.365740740740741
GACCCCCTCCACCCCGCCTCCGG,GACCCCTACCACCCCATCTCAGG,0.372685185185185
GACCCCCTCCACCCCGCCTCCGG,ACACCCCCCCACCCCACCCCAGG,0.372685185185185
GACCCCCTCCACCCCGCCTCCGG,TCCCCACCCCGCCCCGCCTCTGG,0.384259259259259
GACCCCCTCCACCCCGCCTCCGG,TCCCACCCCCACCCCGCCACGGG,0.384259259259259
GACCCCCTCCACCCCGCCTCCGG,AGCCCCCACCTCCCCGCCTCGGG,0.395833333333333
GACCCCCTCCACCCCGCCTCCGG,TCCCCCCACCACCCCACCCCCGG,0.252314814814815
GACCCCCTCCACCCCGCCTCCGG,AACCCCACCCACCCCATCTCAGG,0.395833333333333
GACCCCCTCCACCCCGCCTCCGG,ACGCCCCCCCACCCCACGTCTGG,0.30787037037037
GACCCCCTCCACCCCGCCTCCGG,AGCCAACCCCACCCCGCCTCTGG,0.395833333333333
GACCCCCTCCACCCCGCCTCCGG,GCCACCCACCACCCCACCTCAGG,0.159722222222222
GACCCCCTCCACCCCGCCTCCGG,GACACCTTCCACCCCGTCTCTGG,0.803240740740741
GACCCCCTCCACCCCGCCTCCGG,ATCCCTCTCCACCCCACCCCAGG,0.414351851851852
GACCCCCTCCACCCCGCCTCCGG,CTCCCCCCCCTCCCCGCCTCGGG,0.560185185185185
GACCCCCTCCACCCCGCCTCCGG,TATCCTCCCCACCCCGCCCCGGG,0.418981481481482
GACCCCCTCCACCCCGCCTCCGG,CCGCCCCTCCACCCCGCCACTGG,0.428240740740741
GACCCCCTCCACCCCGCCTCCGG,AAGCCCCCCCACCCCGCCCCGGG,0.428240740740741
GACCCCCTCCACCCCGCCTCCGG,TTCTCCCTCCTCCCCGCCTCGGG,0.43287037037037
GACCCCCTCCACCCCGCCTCCGG,CTACCCCCACTCCCCGCCTCCGG,0.43287037037037
GACCCCCTCCACCCCGCCTCCGG,GCCGCCCCCCACTCCGCCTCCGG,0.439814814814815
GACCCCCTCCACCCCGCCTCCGG,AACACCCTCCACCCCACCACAGG,0.446759259259259
GACCCCCTCCACCCCGCCTCCGG,GTCCCTCCCCACCCCGCCTTGGG,0.453703703703704
GACCCCCTCCACCCCGCCTCCGG,GTCCCCCTCCTCCCCACCTCCGG,0.460648148148148
GACCCCCTCCACCCCGCCTCCGG,ATGCCCCACCCCCCCGCCCCCGG,0.460648148148148
GACCCCCTCCACCCCGCCTCCGG,CTCACCCCCCACCCCACCTCTGG,0.476851851851852
GACCCCCTCCACCCCGCCTCCGG,GCCCCCCACCACCCCACCCCCGG,0.520833333333333
GACCCCCTCCACCCCGCCTCCGG,GACCCCACCTACCCCACCTCAGG,0.541666666666667
GACCCCCTCCACCCCGCCTCCGG,GTCCTCCACCACCCCGCCTCTGG,0.553240740740741
GACCCCCTCCACCCCGCCTCCGG,GTCACTCCCCACCCCGCCTCTGG,0.560185185185185
GACCCCCTCCACCCCGCCTCCGG,CCACCCCCCCACCCCGCCCCTGG,0.680555555555556
GACCCCCTCCACCCCGCCTCCGG,CCGCCCCCCCACCCCGCCGCCGG,0.576388888888889
GACCCCCTCCACCCCGCCTCCGG,GACCCTGTCCACCCCACCTCAGG,0.678240740740741
GACCCCCTCCACCCCGCCTCCGG,CCCCCCCCCCACCCCGCCCCCGG,0.638888888888889
GACCCCCTCCACCCCGCCTCCGG,GGGCCCTCCCACCTCGCCCCTGG,0.506944444444444
GACCCCCTCCACCCCGCCTCCGG,CACCCACTACTCCCCGCCTCAGG,0.581018518518518
GACCCCCTCCACCCCGCCTCCGG,GCCCCCCCCAACCCCGCCCCCGG,0.592592592592593
GACCCCCTCCACCCCGCCTCCGG,ACCCCCCCCCCCCCCGCCCCCGG,0.592592592592593
GACCCCCTCCACCCCGCCTCCGG,AGGCCCCCACACCCCGCCTCAGG,0.604166666666667
GACCCCCTCCACCCCGCCTCCGG,CTCCCTCCCCACCCCACCTCTGG,0.615740740740741
GACCCCCTCCACCCCGCCTCCGG,CCACCCCCCCACCCCGCCCCAGG,0.618055555555556
GACCCCCTCCACCCCGCCTCCGG,CAACCCCCCCACCCCGCTTCAGG,0.641203703703704
GACCCCCTCCACCCCGCCTCCGG,ATCCCCCTCCACCCCACCCCTGG,0.650462962962963
GACCCCCTCCACCCCGCCTCCGG,CCCCCCCCCCGCCCCGCCCCCCG,0.652777777777778
GACCCCCTCCACCCCGCCTCCGG,CATTCCCCCCACCCCACCTCAGG,0.657407407407407
GACCCCCTCCACCCCGCCTCCGG,AGCCCCCCCCACCCCGACTCAGG,0.662037037037037
GACCCCCTCCACCCCGCCTCCGG,CACTCCCCCCACCCCGCCCCAGG,0.668981481481482
GACCCCCTCCACCCCGCCTCCGG,TCCACCCCCCACCCCGCCCCGGG,0.678240740740741
GACCCCCTCCACCCCGCCTCCGG,AAGACCCCCCACCCCGCCCCAGG,0.578703703703704
GACCCCCTCCACCCCGCCTCCGG,AACCACCCCCACCCCACCCCAGG,0.560185185185185
GACCCCCTCCACCCCGCCTCCGG,CAGTCCCCCCACCCCACCTCTGG,0.581018518518518
GACCCCCTCCACCCCGCCTCCGG,GAGCTCCCCCACCCCGCCCCGGG,0.722222222222222
GACCCCCTCCACCCCGCCTCCGG,CATACCCCCCACCCCGCCCCGGG,0.74537037037037
GACCCCCTCCACCCCGCCTCCGG,TACCCCCCCCACCCCGCCACAGG,0.75
GACCCCCTCCACCCCGCCTCCGG,AGGCCCCCCCGCCCCGCCTCAGG,0.756944444444444
GACCCCCTCCACCCCGCCTCCGG,CTTCCCCCACACCCCGCCCCAGG,0.761574074074074
GACCCCCTCCACCCCGCCTCCGG,TGCCCCCCCCACCCCGCCCCCGG,0.766203703703704
GACCCCCTCCACCCCGCCTCCGG,CCCCCCCCCCCCCCCGCCCCGGG,0.685185185185185
GACCCCCTCCACCCCGCCTCCGG,CCCCCCCCCCCCCCCGCCCCGGG,0.685185185185185
GACCCCCTCCACCCCGCCTCCGG,ACTCCCCTCCACCCCGGCTCGGG,0.414351851851852
GACCCCCTCCACCCCGCCTCCGG,CCCCCCCCCCCCCCCGCCTCAGG,0.777777777777778
GACCCCCTCCACCCCGCCTCCGG,CTGCCCCCCCACCCCGCCACTGG,0.791666666666667
GACCCCCTCCACCCCGCCTCCGG,CATCCCCCCCACCCCACCCCGGG,0.793981481481482
GACCCCCTCCACCCCGCCTCCGG,GCCCCCACCCACCCCGCCTCTGG,0.800925925925926
GACCCCCTCCACCCCGCCTCCGG,CTCCCCCGCCACCCCGCCCCAGG,0.68287037037037
GACCCCCTCCACCCCGCCTCCGG,GACACACCCCACCCCACCTCAGG,0.824074074074074
GACCCCCTCCACCCCGCCTCCGG,GCCCCCCACCACCCCACCTCGGG,0.770833333333333
GACCCCCTCCACCCCGCCTCCGG,GACCCCCCCCACCCCGCCCCCGG,0.819444444444444
GACCCCCTCCACCCCGCCTCCGG,CGCCCTCCCCACCCCGCCTCCGG,0.826388888888889
GACCCCCTCCACCCCGCCTCCGG,GACCCCTCCCACCCCGACTCCGG,0.886574074074074
GACCCCCTCCACCCCGCCTCCGG,CCTCCCCCACACCCCGCATCCGG,0.847222222222222
GACCCCCTCCACCCCGCCTCCGG,CACCCCCCCCCCCCCACCTCCGG,0.849537037037037
GACCCCCTCCACCCCGCCTCCGG,CCCCCCCCCCCCCCCGCCTCCGG,0.868055555555556
GACCCCCTCCACCCCGCCTCCGG,CCCCACCCCCACCCCGCCTCAGG,0.868055555555556
GACCCCCTCCACCCCGCCTCCGG,GTACCCCACCACCCCGCCCCAGG,0.875
GACCCCCTCCACCCCGCCTCCGG,CCCCCCCACCACCCCGCCCCGGG,0.696759259259259
GACCCCCTCCACCCCGCCTCCGG,CCCCCTCCCCGCCCCGCCCCCGG,0.844907407407407
GACCCCCTCCACCCCGCCTCCGG,TGCCCCTCCCACCCCGCCTCTGG,0.888888888888889
GACCCCCTCCACCCCGCCTCCGG,GCTTCCCTCCACCCCGCATCCGG,0.905092592592593
GACCCCCTCCACCCCGCCTCCGG,TGCCCCCCCCACCCCACCTCTGG,0.923611111111111
GACCCCCTCCACCCCGCCTCCGG,ACACCCCCCCACCCCGCCTCAGG,0.928240740740741
GACCCCCTCCACCCCGCCTCCGG,ATTCCCCCCCACCCCGCCTCAGG,0.942129629629629
GACCCCCTCCACCCCGCCTCCGG,CTACCCCTCCACCCCGCCTCCGG,0.956018518518518
GACCCCCTCCACCCCGCCTCCGG,GGGCCCCTCCACCCCGCCTCTGG,0.835648148148148
GACCCCCTCCACCCCGCCTCCGG,TACCCCCCACACCCCGCCTCTGG,0.891203703703704
GACCCCCTCCACCCCGCCTCCGG,GACCCCTCACACCCCGCCCCTGG,0.710648148148148
GACATCGATGTCCTCCCCATTGG,GACATGAATGACCTCCCCATCAG,0.118055555555556
GACATCGATGTCCTCCCCATTGG,CACATAGGTGTCCTCCCCATAGG,0.5
GACATCGATGTCCTCCCCATTGG,GACATCGATAGCCTCCCCACTGG,0.0001
GACATCGATGTCCTCCCCATTGG,GACACCGATGTCATCTCCATCAG,0.0185185185185185
GACATCGATGTCCTCCCCATTGG,GAAATCAAGGTCCTCCCCATAGG,0.106481481481481
GGCACTGCGGCTGGAGGTGGGGG,GACACTGAGGCAGGAGGTGGGGG,0.671296296296296
GGCACTGCGGCTGGAGGTGGGGG,GGCACTGCTGCTGGGGGTGGTGG,0.893518518518519
GGCACTGCGGCTGGAGGTGGGGG,GGCACTGTGGCTGCAGGTGGAGG,0.842592592592593
GGCACTGCGGCTGGAGGTGGGGG,GACACCACGGCTGGAGATGGTGG,0.851851851851852
GGCACTGCGGCTGGAGGTGGGGG,GGCACTGAGGGTGGAGGTGGGGG,0.854166666666667
GGCACTGCGGCTGGAGGTGGGGG,AGGACTGCGGCTGGGGGTGGTGG,0.856481481481482
GGCACTGCGGCTGGAGGTGGGGG,GGCACGACGGCTGGAGGTGGGGG,0.9375
GGCACTGCGGCTGGAGGTGGGGG,GGCACTGGGGCTGGGGGAGGGGG,0.877314814814815
GGCACTGCGGCTGGAGGTGGGGG,AGCAGTGCGGCTAGAGGTGGTGG,0.912037037037037
GGCACTGCGGCTGGAGGTGGGGG,GGCAATGTGGCTGAAGGTGGGGG,0.831018518518519
GGCACTGCGGCTGGAGGTGGGGG,GGCACTGAGACTGGGGGTGGGGG,0.914351851851852
GGCACTGCGGCTGGAGGTGGGGG,GGCGCTGCGGCGGGAGGTGGAGG,0.916666666666667
GGCACTGCGGCTGGAGGTGGGGG,GGCATCACGGCTGGAGGTGGAGG,0.925925925925926
GGCACTGCGGCTGGAGGTGGGGG,GCCACTGCAGCTAGAGGTGGAGG,0.780092592592593
GGCACTGCGGCTGGAGGTGGGGG,GGCACTGGGGTTGGAGGTGGGGG,0.861111111111111
GGCACTGCGGCTGGAGGTGGGGG,GGCTCTGCGGCTGGAGGGGGTGG,0.960648148148148
GGCACTGCGGCTGGAGGTGGGGG,GAGGCTGCGGCTGGGGGTGGAGG,0.743055555555556
GGCACTGCGGCTGGAGGTGGGGG,AGCACTGTGGCTGGGGGAGGGGG,0.840277777777778
GGCACTGCGGCTGGAGGTGGGGG,GGCACAGCAGCTGGAGGTGCTGG,0.8125
GGCACTGCGGCTGGAGGTGGGGG,GGCTGTGCGGCCAGAGGTGGAGG,0.6875
GGCACTGCGGCTGGAGGTGGGGG,AGCACTGTGGCTGGGGGAGGCGG,0.731481481481482
GGCACTGCGGCTGGAGGTGGGGG,GGCACTGCTGCTAGAGGTGCAGG,0.701388888888889
GGCACTGCGGCTGGAGGTGGGGG,GGGACTGCGGCTGGAGGTGGGAA,0.706018518518518
GGCACTGCGGCTGGAGGTGGGGG,AGCACTGCAGCTGGGAGTGGAGG,0.715277777777778
GGCACTGCGGCTGGAGGTGGGGG,GGCTCTGAGGCCAGAGGTGGTGG,0.724537037037037
GGCACTGCGGCTGGAGGTGGGGG,AGCACGGCAGCTGGAGGAGGGGG,0.724537037037037
GGCACTGCGGCTGGAGGTGGGGG,GTCACTGCAGCTGGAGGAGGGGG,0.726851851851852
GGCACTGCGGCTGGAGGTGGGGG,GGCTCCGCAGCTGGAGGTGGGGG,0.733796296296296
GGCACTGCGGCTGGAGGTGGGGG,GCCACTGGGGCTGGGGGTGGGGG,0.810185185185185
GGCACTGCGGCTGGAGGTGGGGG,AGCACTGGGGCTGGGGGAGGGGG,0.655092592592593
GGCACTGCGGCTGGAGGTGGGGG,TGCACTGCGGCCGGAGGAGGTGG,0.969907407407407
GGCACTGCGGCTGGAGGTGGGGG,GGCTCTTCGGCTGGAGGTAGCGG,0.534722222222222
GGCACTGCGGCTGGAGGTGGGGG,CACACTGCAGCTGGAGGTGGTGG,0.643518518518518
GGCACTGCGGCTGGAGGTGGGGG,TGGACTGCGGCTGGAGAGGGAGG,0.518518518518518
GGCACTGCGGCTGGAGGTGGGGG,GGCAATGCGGCTGGAGGCGGAGG,0.752314814814815
GGCACTGCGGCTGGAGGTGGGGG,CCCACTGGGGCTGGAGGTGGGGG,0.590277777777778
GGCACTGCGGCTGGAGGTGGGGG,GCCACTGTGGCTGGAGGTGGGGA,0.5625
GGCACTGCGGCTGGAGGTGGGGG,GCCACAGCGGCCGGAGGTGGCAG,0.569444444444444
GGCACTGCGGCTGGAGGTGGGGG,GGAACTGTGGCTGGAGGTGGCAG,0.571759259259259
GGCACTGCGGCTGGAGGTGGGGG,GGTACTCTGGCTGGAGGTGGTGG,0.585648148148148
GGCACTGCGGCTGGAGGTGGGGG,GGCACTGCAGCCTGGGGGTGGGG,0.585648148148148
GGCACTGCGGCTGGAGGTGGGGG,AGCACTGGGGATGGAGGTGTAGG,0.416666666666667
GGCACTGCGGCTGGAGGTGGGGG,GGCGCTGCGGCCGGAGGTGGGGC,0.601851851851852
GGCACTGCGGCTGGAGGTGGGGG,GCCACTGCGACTGGAGGAGGGGG,0.608796296296296
GGCACTGCGGCTGGAGGTGGGGG,GGCACTTCGGTTGGGGGTGGGGG,0.611111111111111
GGCACTGCGGCTGGAGGTGGGGG,GGCTCTGTGGCCGGAGGAGGCGG,0.62962962962963
GGCACTGCGGCTGGAGGTGGGGG,AGCACTGCAGATGGAGGAGGCGG,0.634259259259259
GGCACTGCGGCTGGAGGTGGGGG,GGCACTGCCACTGGGGGTGAGGG,0.648148148148148
GGCACTGCGGCTGGAGGTGGGGG,GGTACAGCGGCTGGGGGAGGCGG,0.518518518518518
GGCACTGCGGCTGGAGGTGGGGG,GGCACTGGGGCAGGAGATGGGGG,0.555555555555556
GGCACTGCGGCTGGAGGTGGGGG,GACACAGTGGCTGGAGGTGTGGG,0.4375
GGCACTGCGGCTGGAGGTGGGGG,GGCACTGAATCTGGAGGTGGGGG,0.550925925925926
GGCACTGCGGCTGGAGGTGGGGG,GACACTGCAGCTGGAGGTGGGGT,0.469907407407407
GGCACTGCGGCTGGAGGTGGGGG,GGCACTCTGGCTGGAGCTGGGGG,0.435185185185185
GGCACTGCGGCTGGAGGTGGGGG,GTAACTGCGGCTGGCGGTGGTGG,0.4375
GGCACTGCGGCTGGAGGTGGGGG,GGCACAATGGCTGGAGGTGAAGG,0.666666666666667
GGCACTGCGGCTGGAGGTGGGGG,GGCGCTGCGGCTGGAGCCGGCGG,0.44212962962963
GGCACTGCGGCTGGAGGTGGGGG,CAGACTGCGGCAGGGGGTGGCGG,0.44212962962963
GGCACTGCGGCTGGAGGTGGGGG,GACACAACGGCAGGAGGTGGCGG,0.465277777777778
GGCACTGCGGCTGGAGGTGGGGG,GGCACTGAGACCAGAGGTGGTGG,0.472222222222222
GGCACTGCGGCTGGAGGTGGGGG,GTCACTGCGGCTGCAGATGGCGG,0.546296296296296
GGCACTGCGGCTGGAGGTGGGGG,AGCACTGTAGCAAGAGGTGGAGG,0.481481481481482
GGCACTGCGGCTGGAGGTGGGGG,GGCACAGCAGGTGGAGGTGGAGG,0.486111111111111
GGCACTGCGGCTGGAGGTGGGGG,GGCACCGCGGCCGGAGCTGTGGG,0.513888888888889
GGCACTGCGGCTGGAGGTGGGGG,GGCACGGAGGCTGGAAGTGGGGG,0.55787037037037
GGCACTGCGGCTGGAGGTGGGGG,AGCACTGTGCCTGGGGGTGGGGG,0.75462962962963
GGCACTGCGGCTGGAGGTGGGGG,GGCACTGCAACTGGAAGTGATGG,0.115740740740741
GGCACTGCGGCTGGAGGTGGGGG,GGCTCTGTGGCTGGAGGAGGTGG,0.789351851851852
GGCACTGCGGCTGGAGGTGGGGG,AGCACCGCTGCTGGGGGCGGGGG,0.201388888888889
GGCACTGCGGCTGGAGGTGGGGG,GACACTAGGGCAGGAGGTGGAGG,0.270833333333333
GGCACTGCGGCTGGAGGTGGGGG,AGCACAGCAGCTGCAGGTGGGGG,0.201388888888889
GGCACTGCGGCTGGAGGTGGGGG,GGCACTGCAGACGGAGGTGTGGG,0.391203703703704
GGCACTGCGGCTGGAGGTGGGGG,GGGGCTGCGGCCGGAGGTGGTGG,0.391203703703704
GGCACTGCGGCTGGAGGTGGGGG,TACACTGCGGCCGGGAGTGGTGG,0.37962962962963
GGCACTGCGGCTGGAGGTGGGGG,GGCACTGGGGCTGGGGGTGCAGG,0.37037037037037
GGCACTGCGGCTGGAGGTGGGGG,GGCACTGTGGCAAGAGGTGGGAG,0.37037037037037
GGCACTGCGGCTGGAGGTGGGGG,GGCACTGCGGGAGGAGGTGGGCG,0.361111111111111
GGCACTGCGGCTGGAGGTGGGGG,GGCGCAGCGGCTGGAGGAGGTGC,0.351851851851852
GGCACTGCGGCTGGAGGTGGGGG,GGCCCTGCGGCTGGAGATATGGG,0.340277777777778
GGCACTGCGGCTGGAGGTGGGGG,AGCACAGCGGCTGGAGAAGGCAG,0.326388888888889
GGCACTGCGGCTGGAGGTGGGGG,GGCACTGCAGCAGGGGATGGGGG,0.314814814814815
GGCACTGCGGCTGGAGGTGGGGG,TGCACTGCAGCTGCAGGTGGAGG,0.314814814814815
GGCACTGCGGCTGGAGGTGGGGG,AGCACTGCGCTTGGGGGTGGGGG,0.314814814814815
GGCACTGCGGCTGGAGGTGGGGG,GGAACGGCGGCCGGAGGTGTAGG,0.305555555555556
GGCACTGCGGCTGGAGGTGGGGG,GGCACTGAGAAAGGAGGTGGAGG,0.270833333333333
GGCACTGCGGCTGGAGGTGGGGG,AAGACTGGGGCTGGAGGTGGGGG,0.236111111111111
GGCACTGCGGCTGGAGGTGGGGG,GGCAGTGCGGCTGGAGCTGCGGG,0.222222222222222
GGCACTGCGGCTGGAGGTGGGGG,GGCACTGGGGCTGGAGACGGGGG,0.270833333333333
GGCACTGCGGCTGGAGGTGGGGG,GGCACTGCGGCCAGAGGGAGCGG,0.236111111111111
GGCACTGCGGCTGGAGGTGGGGG,GACACTAAGGCTGGAGGTGGGGA,0.236111111111111
GGCACTGCGGCTGGAGGTGGGGG,AGCACAGAGGCTGGAGGTGGGGT,0.236111111111111
GGCACTGCGGCTGGAGGTGGGGG,GGCAGTCCGGATGGAGGTGGGGG,0.236111111111111
GGCACTGCGGCTGGAGGTGGGGG,TGCTCTGCGGCAGGAGGAGGAGG,0.24537037037037
GGCACTGCGGCTGGAGGTGGGGG,CCCACTGTGGCTGGAGGTGTGGG,0.256944444444444
GGCACTGCGGCTGGAGGTGGGGG,GGCACTACAGCTGGAGGTGGCAA,0.256944444444444
GGCACTGCGGCTGGAGGTGGGGG,GGCACAGGGGCTGAAGGTGATGG,0.256944444444444
GGCACTGCGGCTGGAGGTGGGGG,GACACTGTGGCTGGAAGTGGAAG,0.256944444444444
GGCACTGCGGCTGGAGGTGGGGG,GGCACTGCGGGTGGAGGCGGGGG,0.763888888888889
GGCACTGCGGCTGGAGGTGGGGG,GCCACCGCGGCAGGAGGCGGAGG,0.37037037037037
GGCACTGCGGCTGGAGGTGGGGG,AGCTCTGTGGCTGGAGGTGTGAG,0.201388888888889
GGCACTGCGGCTGGAGGTGGGGG,GGCACTGGGTCTGAAGGTGGAGG,0.256944444444444
GGCACTGCGGCTGGAGGTGGGGG,GACACTGCCTCTGGGGGTGGGGG,0.0717592592592593
GGCACTGCGGCTGGAGGTGGGGG,GGCCCTGGGGCTGGAGGTGTTGG,0.425925925925926
GGCACTGCGGCTGGAGGTGGGGG,GACACCGTGACTGGAGGTGGAGG,0.648148148148148
GGCACTGCGGCTGGAGGTGGGGG,AACACTGTGGCCGGGGGTGGTGG,0.407407407407407
GGCACTGCGGCTGGAGGTGGGGG,GGCACCAGGCCTGGAGGTGTGGG,0.164351851851852
GGCACTGCGGCTGGAGGTGGGGG,GGCACTGAGGCCGGAGGAGGAAG,0.201388888888889
GGCACTGCGGCTGGAGGTGGGGG,GGCACTGGGAATGGAGGTTGGGG,0.201388888888889
GGCACTGCGGCTGGAGGTGGGGG,GGCACTGGGGCAGGAGTTGGGGG,0.201388888888889
GGCACTGCGGCTGGAGGTGGGGG,AGCACTGCAGCGGGAGGTGAGAG,0.185185185185185
GGCACTGCGGCTGGAGGTGGGGG,CAGGCTGCGCCTGGAGGTGGGGG,0.185185185185185
GGCACTGCGGCTGGAGGTGGGGG,GGCACCGAGGCCGGAGGTGCTGG,0.185185185185185
GGCACTGCGGCTGGAGGTGGGGG,GGCACCTTGGCTGAAGGTGGGGG,0.185185185185185
GGCACTGCGGCTGGAGGTGGGGG,TGCACCGCGGCTGGGGCTGGAGG,0.185185185185185
GGCACTGCGGCTGGAGGTGGGGG,AGAACTGCTGCTGGAGGTGGTGG,0.164351851851852
GGCACTGCGGCTGGAGGTGGGGG,AGCACAGCGACTGAAGGTGAGGG,0.164351851851852
GGCACTGCGGCTGGAGGTGGGGG,GGCCCTGCGGCCGGGGGTGGAGA,0.201388888888889
GGCACTGCGGCTGGAGGTGGGGG,GCCACTGGGGCTGGAGGGGGAGG,0.164351851851852
GGCACTGCGGCTGGAGGTGGGGG,AGCACCATGGCTAGAGGTGTGGG,0.164351851851852
GGCACTGCGGCTGGAGGTGGGGG,GGGCATGCGGCTGGAAGTGGTGG,0.0925925925925926
GGCACTGCGGCTGGAGGTGGGGG,GGCACAGGGGCTGGAGGTGGGGC,0.0925925925925926
GGCACTGCGGCTGGAGGTGGGGG,GGGCACGCGGCTGGAGGAGGGGG,0.115740740740741
GGCACTGCGGCTGGAGGTGGGGG,GGCACTGCAGCTGGCGGTGCTGG,0.115740740740741
GGCACTGCGGCTGGAGGTGGGGG,TGCACTGTGGCTGGAGATGGGGG,0.805555555555556
GGCACTGCGGCTGGAGGTGGGGG,CACACTGCGGCCGGAGGTGACCG,0.115740740740741
GGCACTGCGGCTGGAGGTGGGGG,GGCAGGGCGGCTGGAGGAGGTGG,0.398148148148148
GGCACTGCGGCTGGAGGTGGGGG,GGCACTGAGGCTGCAGGCGGCGG,0.143518518518519
GGCACTGCGGCTGGAGGTGGGGG,GCTGCTGCGGCTGGAGGTGGGGA,0.143518518518519
GGCACTGCGGCTGGAGGTGGGGG,GCCACTGGGCCTGGGGGTGGGGG,0.143518518518519
GGCACTGCGGCTGGAGGTGGGGG,GCCACTGAGGCCGGAGGTGGAGA,0.143518518518519
GGCACTGCGGCTGGAGGTGGGGG,AGCACTGGGGCCAGAGGTGAGGG,0.201388888888889
GGCACTGCGGCTGGAGGTGGGGG,GGCGCTGCGGCCCGAGGGGGTGG,0.164351851851852
GGCACTGCGGCTGGAGGTGGGGG,AGCACTGTTACAGGAGGTGGGGG,0.115740740740741
