Original Sequence,Offt Sequence,Offt efficacy
TAGTAGTTGCTCTTGGACGGTGG,TAGTAGCTGCTCTTGGACGGTGG,[[8.693376e-19 1.000000e+00]]
AGGATTCCCCCCAACCCCACAGG,AGGATTCCCCCCAACCCCGCAGG,[[4.4595825e-32 1.0000000e+00]]
GATTAGGAGGTACAAGAGACAGG,CATTAGGAGGTACAAGAGACAGG,[[4.5990705e-26 1.0000000e+00]]
CCCAAGTGCTCGTCACAACGTGG,CCCAAGTGCTCGTCACATCGTGG,[[7.542899e-16 1.000000e+00]]
GCCGTGTACGGTGAAGAAAAGGG,GCCGTGTACGGTGAAGGAAAGGG,[[2.6307618e-23 1.0000000e+00]]
CGGAGAGGATACCCCCCCAGCGG,AGGAGAGGATACCCCCCCAGCGG,[[3.9120856e-23 1.0000000e+00]]
GAGGGGGAGTTCAATGGAAAAGG,GAGGGGGAGTTCAAGGAAAAAGG,[[1.0000000e+00 1.6307239e-17]]
AGAGCATGCCCCCTGCGGGAAGG,AGTGCATGCCCCCTGCGGGAAGG,[[4.499621e-24 1.000000e+00]]
ACTTGCATTCCCGTGCACAATGG,ACTTGCATTCCCGTGCTCAATGG,[[2.6683908e-23 1.0000000e+00]]
CTGTGGCCCTTGGTTCCAGGCGG,CTGTGGCCCCTGGTTCGAGGCGG,[[1.0000000e+00 1.4113925e-17]]
AGCCTTCATGTGGTTCAACATGG,AGCGTTCATGTGGTTCAACATGG,[[7.906428e-31 1.000000e+00]]
TGTCCTCCTGAGGTTACGACTGG,TGTTCTCCTGAGCTTACGACTGG,[[1.2966736e-18 1.0000000e+00]]
TCTGTTGTTGTTCCAGCCCGGGG,TCTGTTGTTGATCCATCCCGGGG,[[1.0000000e+00 5.6864597e-09]]
TCTCCCGACGTCCGGTAGCCGGG,TCTCCCTACGTCCGGTAGCCGGG,[[2.8349454e-30 1.0000000e+00]]
AGGCCACCGGCCTGGAAGAAAGG,AGGCCACCGGCTTGGAAGAACGG,[[2.3906693e-32 1.0000000e+00]]
AGTTGAATTGAAATGAGACAAGG,AGTTGAATTGAAATTAGACAAGG,[[9.999982e-01 1.822467e-06]]
GGCCTCCCGTGATTCGGAAAAGG,GGCCTCCCGTGGTTCGGAAAAGG,[[1.4812018e-28 1.0000000e+00]]
CCCAGGTTTGGGGTAACCCCCGG,CTCAGGTTTGGGGTAACCCCCGG,[[5.913744e-22 1.000000e+00]]
CCACTTGAAAGACATCCGCCAGG,CCGCTTGAAATACATCCGCCAGG,[[9.215962e-06 9.999908e-01]]
GCTCTTCCCGCCTAAAACGATGG,GCTCTTTCCGCCTAAAACGATGG,[[7.865533e-34 1.000000e+00]]
AGAAGAGTAGCCGTGCCCCGGGG,AGAAGAGCAGCCGTGCCCCGGGG,[[2.5065286e-24 1.0000000e+00]]
CCCAGCTTTCCACTTGAAAGAGG,CCCAGTTCTCCACTTGAAAGAGG,[[1.3787169e-12 1.0000000e+00]]
GAGAGGACGACTCAGCGAAATGG,GAGAGGACGACTCTGCGAAATGG,[[9.5095e-25 1.0000e+00]]
TGTAACCACCCTCAAGGCGCTGG,TATAACCACCCTCACGGCGCTGG,[[3.5946940e-07 9.9999964e-01]]
CGCAGCTGTTCCGAATGGCAAGG,CGCACCTGTTCCGAATTGCAAGG,[[7.885107e-15 1.000000e+00]]
CGGCCGGGCAGAATGAAACATGG,AGGCCGGGCAGAATGAAACATGG,[[5.736336e-26 1.000000e+00]]
TGGAGCCAGTAATCCCAGGCAGG,TGGAGCCAGTAATCCCATGCAGG,[[7.733627e-15 1.000000e+00]]
ACGAGCGGCACCCGCCGGGCCGG,ACGAGCGGCACCCGCCGCGCCGG,[[7.346885e-18 1.000000e+00]]
CAGTAGCATTGCTGGAGGAATGG,CAGTAGCATTGCTGGAGGTATAG,[[1.0000000e+00 6.6179204e-09]]
GGGTGAATCCGCAAACCAGAAGG,GGGTGGATCCGCAAACCAGTAGG,[[2.1749702e-24 1.0000000e+00]]
CGAGAAAAAGGGTTCAAGGCAGG,CGAGAAAGAGGGTTCAGGGCAGG,[[6.323751e-19 1.000000e+00]]
CGGGAAGTGAATTAGAAAGATGG,CGGGAAGTGATTTAGAAAGATGG,[[2.789619e-16 1.000000e+00]]
TGTGCTCAAAGTAGGCCCGCTGG,TGTCCTCACAGTAGGCCCGCTGG,[[9.0460276e-04 9.9909544e-01]]
CGGTACCTTTACAAGCCACCCGG,CGGTACCTTTACAATCCACCCAG,[[1.000000e+00 2.083693e-16]]
AGTTGCCCCCGACTACGCGCGGG,AGTTGCCCCCGTCGACGCGCGGG,[[1.0000000e+00 2.6820716e-11]]
AGATCCCATCACGTGGGAGGTGG,AGATCCCATCACGCGGGAGGTGG,[[1.4388245e-23 1.0000000e+00]]
CCTAGGGAGGTTCATCCCGACGG,CCTAGAGAGGTTCACCCCGACGG,[[4.4593238e-26 1.0000000e+00]]
AGTCCCCCCTTTTATGGCGGTGG,AGTCCCCCCTTTTATAGCGGTAG,[[4.7740467e-15 1.0000000e+00]]
GGAACATTCCCTCCACAACCAGG,GGAACACTCCCTCAACAACCAGG,[[1.183416e-12 1.000000e+00]]
GCCCCTCCACCTTCCCCCGCAGG,GCCCATCGACCTTCCCCCGCAGG,[[1.5110892e-22 1.0000000e+00]]
TCTTCCTGACTTCACACCAAAGG,TCTTCCTGGCTTCACACCAAAGA,[[0.65516764 0.34483236]]
TGCTTTCTCCCCAATCCACGAGG,TGCTTTCTCCCCAATCCCGGAGG,[[0.9191552  0.08084488]]
CTCCCTGGGCGGAATGGAAATGG,ATCCCTGGGCGGAATGGAAATCG,[[8.8023745e-07 9.9999917e-01]]
AGCCCACCTCCTTGCAGGAATGG,AGCCCGCCTGCTTGCAGGAATGG,[[9.401332e-17 1.000000e+00]]
AGATTCAAATTGGCCCGCCCCGG,AGATTCAAATTGGCCCGCCCTGG,[[7.853926e-35 1.000000e+00]]
ATGAAGATGGCATCGCCCAATGG,ATGAAGATGGCATCACCCAATGG,[[2.8657853e-20 1.0000000e+00]]
AGGGAGTTATGCCCCGCCACTGG,AGGGAATTATGCCCCGCCACTGG,[[3.47756e-21 1.00000e+00]]
CTTGTTCCCGCCATTCCCAATGG,CTTGTTCCCGCCATTCCCAATGC,[[1.4686395e-05 9.9998534e-01]]
AGCGCCCCTACCATCCCAAAGGG,AGTGCCCCTACCATCCCAAAGGG,[[9.2261357e-26 1.0000000e+00]]
TCCGGCTTCAGACTTCAACGGGG,TCCGGCTTCTGACTTCAACGGGG,[[3.125597e-23 1.000000e+00]]
TTCCTGCCTACTTACAGGCATGG,TTCCTGCCGACTTACAGGCATGG,[[5.3708738e-18 1.0000000e+00]]
CAAGGCTGCAATTCCCCGAAAGG,CAAGGCCGCAATTCCCCGAAAGG,[[1.3558842e-17 1.0000000e+00]]
CAGAGTAGTCGATTGAGAAAAGG,CAAAATAGTCGATTGAGAAAAGG,[[1.1586576e-16 1.0000000e+00]]
TGTGGCTTCCCATGCCCGCAAGG,TGTGGCATCCCATGCCCGCAAGG,[[4.9705217e-27 1.0000000e+00]]
GCGGCGGTGACGTTCAGAAAAGG,GCCGCGGTGACGTTCAGAAAAGG,[[2.240295e-20 1.000000e+00]]
AGCCTTTCCCAATACCGGCAGGG,AGGCTTTCCCAATACCGGCAGGG,[[9.323673e-20 1.000000e+00]]
TGAGAATAGTGCCACCCCCACGG,TGAGAATAGTCCCACCCCCAAGG,[[3.015976e-38 1.000000e+00]]
CAGCACCCATTATCGCGCACCGG,CAGCACCCATTATCGCTCACCGG,[[1.2265331e-18 1.0000000e+00]]
CAAGCAACCCCAAGGGCGCAAGG,CAAGCAACCCCAAGGGCGCGAGC,[[1.0000000e+00 1.1024623e-14]]
TCCCATGTTAGGTACCCGCAAGG,TCCCATGTTAGGAACCCGCAATG,[[9.9999988e-01 7.7599104e-08]]
CCTCCAGGCTGTGACCAAACTGG,CCTCCAGGCTGTGACCTAACTGT,[[1.000000e+00 1.233468e-18]]
CCCCAGTGGACCATCACCGATGG,CCCCAGTGGACCATCACCGAGGG,[[3.59e-43 1.00e+00]]
CGGCAGACACTTCAGAACGCAGG,CGGCAGACACTTCAGACCGCAGG,[[4.4101528e-23 1.0000000e+00]]
CTTGCAGCTTCACATGAAGCCGG,CATGCAGGTTCACATGAAGCCGG,[[8.553151e-18 1.000000e+00]]
AGGATTAACGCTCAATAACCTGG,AAGATTAACGCTCAATAACCCGG,[[2.0047569e-29 1.0000000e+00]]
GACCTCCCCCGACTAACAGGAGG,GACCTCCCCCGCCTAACAGGAGA,[[0.01067169 0.9893283 ]]
TCTGTCGAGAATCCAACGCGAGG,TCTGTCGAGAATCCAACTCCAGG,[[1.0000000e+00 5.3627915e-09]]
TCTGTGAGAAGTGTTAAAGGCGG,TTTGTGAGAAGTGTCAAAGGCGG,[[3.533421e-18 1.000000e+00]]
TTGTCTTTCTGTGTCCCACATGG,TTGTCTTTCTGGGTCCCACATGG,[[1.6434082e-16 1.0000000e+00]]
TGGGGGAGAGGTGTGGAAAAGGG,TGGCGGGGAGGTGTGGAAAAGGG,[[6.5963304e-21 1.0000000e+00]]
AACTTCACTGTGGCCGGGAGGGG,ATCTTAACTGTGGCCGGGAGGGG,[[9.9999607e-01 3.9064371e-06]]
AGCAACCAAATTAGCAACCCTGG,AGCAACCAAATTAGCAACGCTGG,[[6.4871464e-24 1.0000000e+00]]
CTGTCCCGGGGTTCAACGGCCGG,CTGTCCCGAGGTTCAACGGCCGG,[[3.9099584e-20 1.0000000e+00]]
GAGGGAAGCCTGGGCGCCAAAGG,GAGGGAAGCCTGGTCGCCAAAGG,[[7.074641e-29 1.000000e+00]]
TACTGATTCTCTACCTGGGGAGG,TACAGATTCTCTACCTGGGGACG,[[0.58294296 0.41705704]]
GGTGGTTATTCCCCATGGGGAGG,GGTGGTTATTCCCCATGGTGAGG,[[7.401512e-11 1.000000e+00]]
CTGGAATGAATTAAAGCGGAAGG,CTGGAGTGAATTAAAGCGGGAGG,[[2.1003828e-21 1.0000000e+00]]
CGCTCCCCAAATAGGAACCCTGG,CGCTTCCCAAATAGGTACCCTGG,[[9.642049e-20 1.000000e+00]]
TCTTATTTCTGCCCTTCAGATGG,TCTTATTTATGCCCTGCAGATGG,[[6.1439454e-09 1.0000000e+00]]
GCTGAAGTCCGTTAAGCCCGGGG,GCTGGAGTGCGTTAAGCCCGGGG,[[1.0000000e+00 2.6599858e-08]]
ATTCCACTCTGAACAAACCACGG,ATTCGACCCTGAACAAACCACGG,[[1.05055453e-19 1.00000000e+00]]
CTAAGTGCCGACCTAAAAGATGG,CTAAGTGCCGACCTAAAAGAGGG,[[3.308533e-33 1.000000e+00]]
AGGTTCTCTTACCCTAGCAGTGG,AGGTTCTCTTACCCGAGCAGTGG,[[0.23491016 0.76508987]]
TTAGTGGAGGTTACAGCCCAGGG,TTAGTGGAGGTTACAGCCCGGGG,[[1.3921326e-31 1.0000000e+00]]
CATCAAGTGACTGACCGGAAAGG,CATCAATGGACTGACCGGAAAGG,[[2.9993176e-15 1.0000000e+00]]
GAACACCTTAGCTGACCGCCTGG,GAACACGTTAGCTGACCGGCTGG,[[0.10967993 0.89032006]]
CAGCTAAATAACTGGCCGGATGG,CAGCTAAAAAACTGGCCGGATGG,[[5.7671905e-24 1.0000000e+00]]
GCCCTTTCCCAAATCCCAGGAGG,GCCCTTTCCCATATACCAGGAGG,[[0.01251606 0.9874839 ]]
ATGATCTTCTTGAACAGCCCAGG,ATGATGTTCTTGAACAGCCCAGG,[[3.0724701e-16 1.0000000e+00]]
TCCTGAACGTTTTCCACGCCTGG,TCCTGAACGTTATCCACACCTGG,[[7.9897164e-23 1.0000000e+00]]
GATGTCTCCGAAGCCCCACCGGG,GATGTTTGCGAAGCCCCACCGGG,[[0.00134778 0.9986523 ]]
TGTTCCTTCCACCGCCAACGAGG,TGTTCCTTCCACCGCCGACGAGG,[[3.3776256e-18 1.0000000e+00]]
CCCTTTCACAAGGTGGGGGCCGG,CCCTTTCACCAGGTCGGGGCCGG,[[9.9999523e-01 4.7636945e-06]]
AGCCGTATTTCCCCCGTACCTGG,AGCCGTATTGCCCCCGTACCTGG,[[5.4528035e-13 1.0000000e+00]]
AGGCAATTTCCACCTGAGGAGGG,AGGCAATTTCCACCCGAGGAGGG,[[3.3036972e-29 1.0000000e+00]]
CCGGCCTTACCCTCGACGGCTGG,CCGGCCTTACCCTCGACGGCCGG,[[7.3040386e-35 1.0000000e+00]]
GGATCCCCCTCCGTCAAAAGGGG,GTATCCCCCTCCGTCAAAAGGGG,[[8.7562036e-21 1.0000000e+00]]
AGGAAGCTTATCAGCAAAACTGG,AGGAAGCTTATCAGCAAAACTCG,[[6.297606e-07 9.999994e-01]]
GGTAAAGAAGCTTCCGCGACTGG,GGTAAAGAAGCTTCCGCGACGAG,[[6.98634e-14 1.00000e+00]]
TTGCATGGCTAAGAGCAGGAAGG,TTGCATGGCTAAGAGCAGGTATG,[[9.9999845e-01 1.5165996e-06]]
