sgRNA,Normalized efficacy
GAAGGGCGGCGAGAAGGAGAAGG,0.28608018861687
GAGAACGGAAAGGAGAAGGGCGG,0.40008018861687
GAGAAGGGTGATACGGAGAACGG,0.282832665105898
GTCTCCGGCCATAATGACCCAGG,0.171694608679566
GGAGGAGAAGATGCCCGGTGCGG,0.429027022472669
TGTACTTCATCACTATCTCCCGG,0.232508903350412
GAGAACAGGGTACGATAACCGGG,0.357380502096493
ACGCACGGACGTGTCCCAGGAGG,0.36419479676734
CGGCACATCGTAGAGACGCACGG,0.427673668240694
ATGTGCCGGCCAACTCCATGCGG,0.353099122786149
TTGAGCCGCATGGAGTTGGCCGG,0.226741630623139
GGAGTTGATTGAGCCAACACTGG,0.318252226234425
CAGAACCGCATGAGGGAAAGAGG,0.155223762284581
AGAGGAAAGTGGAATCTCTGTGG,0.213590031877058
GAGGAACTCGAGGCCGAGCATGG,0.291122194886462
AGTGGAACTTGCCTGTGCTGCGG,0.212331724667026
TTCCGCAGACCTCCGCGCTCTGG,0.187092100842575
GAGGAGCTGCCAGAGCGCGGAGG,0.409827273256368
GTGGCGAGAGCACACGGAAGAGG,0.406094232504017
CAGGGAGTGGCGAGAGCACACGG,0.263289467613735
CGCCTTGGCATCGCTCGCCCTGG,0.224066270121572
TAGTGCTGACTTCACCAAGCGGG,0.269424389243829
TGCAGGGCATGTGATATATGTGG,0.181284326547904
GCTGCCGATGCTGTAGAGGATGG,0.216140000529095
CGATGCTGTAGAGGATGGAGAGG,0.246359812441321
GGATGGAGAGGAAGCCGCTCTGG,0.342911912754801
CGGCCTGCAGCTGTTCCGCCAGG,0.219786144729722
GCTGTTCCGCCAGGTTGCTGAGG,0.428538997394299
GGTTGCTGAGGGAGGACAGGAGG,0.345350408052606
CCTGTGGCAGAGTGCCCTGCGGG,0.317065266986776
TGGAGGAGCAGCAGGGCCTGTGG,0.256159687049472
CCCGTGGTGGAGGAGCAGCAGGG,0.378771975450726
GCCTCCTGCACGGCAAGCAGAGG,0.46581335476107
AGCAGAAGATGACTCAAGACCGG,0.201976444784768
TCAGCGACAGTATGACGAGATGG,0.193085831250099
TCACTCACCAAGGGCCGCGCCGG,0.163929467613735
TCTGCACTGTCACTGCGCTGCGG,0.319563072629409
CGTGTGAGAATCCCTAAGGCGGG,0.236097367300255
TTCCACGGCTCCAGGCCCGGCGG,0.268168715262638
GGAGCGGCAGCGGGCACAGGAGG,0.340809216830036
AACACGGCCAAAGGATTGAGTGG,0.265324828115302
GGAACATGGCGGAGCGCGGCAGG,0.180068652566713
AGTGCTGTGGCCTTGCTGGTGGG,0.175746019337873
AGATGAGCAGGACTCAGAGGAGG,0.169800940967967
AATCTTCCGGACGACCGGCATGG,0.334232288930349
GGGTACCCGGGCTATGGCGCCGG,0.40085084692408
CACAGAGGGCAGCGCTGCGCCGG,0.19482689708082
AGAAGGTCTGGCGGCACAGAGGG,0.33177335476107
CGCGACCACAGAAGAAGGTCTGG,0.186037179212481
TTTACAGCCGCAAGCACCAGCGG,0.351817492692105
TCAGCTGCCGCTGGTGCTTGCGG,0.309324451939754
GCACCAGCGGCAGCTGAAGGAGG,0.311229655701509
GCGGCAGCTGAAGGAGGCTTTGG,0.344655110246964
ATCATTGGTTACCATAAGAGAGG,0.186290470748531
TCATCCACAGACCATCATAGCGG,0.34490689708082
TTCTCTCCAACCCGCTATGATGG,0.246051097707779
GGGTTGGAGAGAAGCCACGAAGG,0.391246458209346
CATGAGAGTGATACCTTTGGCGG,0.52105887200245
AGCAACATTTCCGCCGCCAAAGG,0.237187524040067
TTGCTGAAGCGGATCTGGGCTGG,0.160824765419378
GGATCTGGGCTGGCTTGTCGCGG,0.284264640027528
TGGCTTGTCGCGGTCCTGATAGG,0.299893229369221
GGGTGCCACATTCTCGGGCATGG,0.199294483287716
GGCCGCGCTGAGCTCACTCCGGG,0.361953668240694
TTCTGCCCTAGGATAACGCTGGG,0.237427147864519
GCGCAGCACCCAGGGTTCGGAGG,0.339418245043202
TGGATCGCGCGCAGCACCCAGGG,0.303635549118437
GCGCGCGATCCACCGCACGACGG,0.407513292065146
CGGTCGCAGCCGTCGTGCGGTGG,0.213451097707779
GCTGCTGCGAGAAGAGGTGTCGG,0.380795925293986
GGAGTCGCTGCTGCGAGAAGAGG,0.416172602409973
CGGCAGCTGGAGGATGAAGAAGG,0.257623009933484
TTCACTGCCAGTTCTCCGCGTGG,0.315927837519691
ACGGGTACCACGCGGAGAACTGG,0.293022382974236
TCGGAAGAACGGGTACCACGCGG,0.303008339087089
TCCGAGGCGTTACCATCAAGAGG,0.248097994259503
TCCACTTCCTCAGAATGTGAAGG,0.282534734071415
GCGCCGCCATGAACCTAGAGCGG,0.455337817943869
CCATGAACCTAGAGCGGCTGCGG,0.245980000529095
CGTCCGGCAGTACCTCGACCAGG,0.264081317143515
AAAGTAGCTTCACTCTCTCGTGG,0.204659498961697
TCGTGACCGAAGTGCATGGGCGG,0.313526458209346
CGAGTCGTACTGCTTTGCCATGG,0.189295110246964
GCAGGGAGGTGTTCAAGGCCAGG,0.214244702723453
AAGGCCAGGCACCGCAAGACCGG,0.281111285795553
GCACCGCAAGACCGGCCAGAAGG,0.560349562980859
TGATGCAACCTATGAGACCAAGG,0.154066019337873
CATCTTGACAAAGGTGGCGTAGG,0.287123699588657
GGAGGTGAAGAAGCGCAAGAAGG,0.180181630623139
ATAATATGTTACAGAACCACAGG,0.220899248177998
TGTCACTGATTCCAATGCAGTGG,0.26455479676734
TGTGGAAAGCAAGGTTAAGTGGG,0.202983009933484
TGTAAAGGGTACCAGTGCCGAGG,0.161728840654487
AACGGGAAGGGCCTCGGCACTGG,0.485471411187403
GAGGCTGTGCTGAACGGGAAGGG,0.331250972315929
GCGGCAGCAGCCAGACACTGAGG,0.22646664629712
GACCGGAGGAAGCAGCGGGATGG,0.299347774823766
AGGAAGCAGCGGGATGGAGGTGG,0.196505893946023
GTGATGGCCTGCGGAGTGACTGG,0.24717623877361
AACACTCCCAGTCACTCCGCAGG,0.263448182082729
TGAGATGTTGAGAATGACAAGGG,0.55142413846013
CAGCGAGCGCAACCTGGTAGTGG,0.255769342221885
GTTGAAGAAGTTGCAGTACATGG,0.238433417456995
GTACATGGAGAACTCCAGACCGG,0.200201944102763
GAGAACTCCAGACCGGTGGGCGG,0.309425893946023
GCTGGCGATGATTTCCTGCATGG,0.344642320278312
AAACTTGATGTGGTCCACGCTGG,0.167672790497747
CAAGTTTGACTTGGAGATCGCGG,0.304964451939754
GATCGCGGTGGAGCAGCAGCTGG,0.176355925293986
TGTCCGTTTCGCCACATCAGTGG,0.398935361030663
CTGTCTTCTCACCACTGATGTGG,0.21434664629712
GGCTGAAGGAAGATGGCGGACGG,0.21359479676734
ATAGACATTTACGCGGATGTCGG,0.214561442535365
TGTCGGCGAAGAGTTCAACCAGG,0.329032767438957
CCAACTGTTGGTGATGATGTGGG,0.183417367300255
AGCTCCAGCTGCTGAACCACCGG,0.418085235374266
TGGATCTCCACAGCAGTCACAGG,0.176094608679566
GCAGAATGCTGGTGACGGTGTGG,0.396830031877058
TGCAGGCAGAATGCTGGTGACGG,0.259684326547904
TGGCTCTGCAGGCAGAATGCTGG,0.256434044416243
TGCTCAGCCTCTGGCTCTGCAGG,0.186137241908406
GTCGACCTCTTGCTGTGCTGCGG,0.623167085168594
AGATCTTATCCAGCTCGCCGTGG,0.196816489557309
TCTACAAGTATGAAGCGCCCTGG,0.428090094572983
TTCATCGCGTAGACTGTCCAGGG,0.573561317143515
ACGCGATGAACTGGAGTGTGCGG,0.181305141594926
ACAATGGCCCGGAGCAACTCTGG,0.288033166673296
AGTCACGAAAGCCAGAGCTGTGG,0.411774357895866
TATGTCTCCATCCACAGCTCTGG,0.265818119651352
GGACTATGAAGATGATGAGGTGG,0.265372477018124
CCCTTCTAGGGCCAGTGGGATGG,0.168804702723453
GCCTTCTCCTGGATCAGCGTAGG,0.489353919024393
GTCGCGACCTACGCTGATCCAGG,0.330910658836305
AGGCTGTCACCGATCTGGGCTGG,0.154368464478939
ATGGAGGACTCTGAAGCACTGGG,0.155297367300255
AGGAGATAGAGAGCGAGAGAGGG,0.197808589870788
AGAGTGCGAGGATGTCCAAGCGG,0.264569467613735
GTAGTGCTGGAAGTTGGACCTGG,0.182639185482073
ACAGGACTCATGTTCAACACGGG,0.172047638717839
GAGATGCCGAAGGTCAAGTCGGG,0.195579248177998
TTAGCAGAAAGCAAACGGCTTGG,0.331763198021258
CTAAATCGACACTGATAGACCGG,0.231004577331603
TGACCACCCTGGGATGGAGGTGG,0.194265266986776
ATGAGGTGGAGACAGCCCAAGGG,0.361607461344142
ATGTGGTGAAGGAGGTGCTAGGG,0.197150282660757
CACCACATGCTTCCTCTTGGTGG,0.412719937833171
GCATGTCTCAGGCCACCAAGAGG,0.200322571062011
GCGAAAGCGGCTGCTCAAAGAGG,0.285544263851979
CACGATGGCGACCTCGGGCTCGG,0.241563574196807
GTGGTGCACGCGTCTATCGCCGG,0.391617743475804
TACTGTCTGGTAGCGATCGGAGG,0.205558809306525
CGCTACCAGACAGTAGGTGTTGG,0.34166689708082
CACTGTCGGTGAGCTTCACGTGG,0.186831912754801
GCGGGTTAGCGACGGCAGCAAGG,0.153368840654487
TGAAGGAGGATAGGAGCTACGGG,0.315778997394299
TGGCGGCGCTGAAGGAGGATAGG,0.281617868867653
ATGGCGGCAGTGGCAACCTGCGG,0.438642320278312
ACTCGCGGCAACACTACCGCAGG,0.183692477018124
GGTAGTGTTGCCGCGAGTACTGG,0.20739742999618
CACTGCAGACCCAGTACTCGCGG,0.1767521635385
TCGGCAGGCATATCCGCTGGAGG,0.410296489557309
CGGGAAGACAGTATCCCTGTTGG,0.176779122786149
TGGAGATGCCCTCAGGCACCGGG,0.18712545507455
GGAGTCCTGGAGATGCCCTCAGG,0.239140752880193
ACGCACGCTGGACGCCAAGGTGG,0.164586646297121
GCGGGAGCTCAAACGCACGCTGG,0.258716050685835
CCAAGATGGCGATGGAGATGAGG,0.158942633757936
GATGGAGATGAGGCTTCCAGTGG,0.38811742999618
CTACGGACACAGGATTCATGCGG,0.175407210560443
GCTGGAGCTCTTGTCGGACCAGG,0.174502508366086
AGCTGCGCAAGATCCAGGCGCGG,0.227108401783014
GCGGATGGGCGTGTTCGCGCAGG,0.412601442535365
GGCGTGTTCGCGCAGGCTGACGG,0.248572727801823
GTTCGCGCAGGCTGACGGCTCGG,0.273860878272042
GGCGCCCTTGTATTGAGCCATGG,0.250021254447591
ATACAAGGGCGCCGCGAGCGAGG,0.184594295199942
GGAGAAGCAGCGCGAGCAGATGG,0.554609216830036
GCAGATGAAGCAGCGCATCGCGG,0.425364326547904
TCATTCTCCCGGATGGCACTGGG,0.208498997394299
CTTGATGTCATTCTCCCGGATGG,0.201799436265772
TTGCCATCAAAGACATACACGGG,0.368459749745396
GGCTTGCGTGCGGAGATGAGCGG,0.276722947237559
GCGGAGATGAGCGGGTCCCTCGG,0.194862257582387
CGGGTCCCTCGGCCGAGCTGCGG,0.362519937833171
GTTGGACGCGCTGGTGAAGAAGG,0.285154420591791
CGCGCTGGTGAAGAAGGACAAGG,0.342787022472669
ATGAAATCCATCTACTGCCCTGG,0.194918056955428
AAACAAACTAATGCAGTCCAGGG,0.246864890811227
CAGATCCCACATCAATAACCCGG,0.312516152203577
GGTGACCGGGTTATTGATGTGGG,0.360625016203077
GATATGATCTGTCCTGAATGTGG,0.281002320278312
TTCAGGACAGATCATATCACCGG,0.309778495826901
TTAGTGGAGGACTACAGAGCCGG,0.17252018861687
TGAAGATGGCGTCTACCAGCCGG,0.3281521635385
GTCTGCCAGCGCTGTGGAGCCGG,0.185956301469534
TCCACAGCGCTGGCAGACACAGG,0.167503386109033
TTGGACGAAGTCGCTCTGGAGGG,0.313294357895867
TGAAGTAGCAATGGACGCGCTGG,0.183923824980506
TACGGTGGTGCCGTCCGCCAAGG,0.249840439400569
GGGCCGCCTACCTTGGCGGACGG,0.195198433130976
GTTGAGTCTTCGACAACGTGAGG,0.209956928428782
TAATGTTTATGAATAACGGTTGG,0.235536364165459
GAATTTGTGAAAGTCTATCATGG,0.209604953507152
GCAAGTGAATACGAGTCAGAAGG,0.208773981720318
ACCAGTGCTAGAGAGATTGGCGG,0.229836050685835
GTCCTTAGTAGCACTATCAGAGG,0.250185392378625
GGCGGTGTCCCTGTCGATTGTGG,0.203985266986776
AAGAGGCTGGCATCACTTTGAGG,0.211650345356682
GCTGGCATCACTTTGAGGGAGGG,0.272578245043202
GGGCGAGTCGTTGCAGCTGCTGG,0.219836301469534
TCGTTGCAGCTGCTGGGCTAAGG,0.153416489557309
GCAGCATGCATAGCTGTTCAAGG,0.288773229369221
TTGCTGGAATGGCTACAGATGGG,0.264195172942888
TGTGGACCCAGATACATTGCTGG,0.206697116516556
AGAAGGCAGACCAAGTGGCGAGG,0.258031661971102
GCTCGGCCGATGAAGTGCAGAGG,0.469290219964832
AGAGACGATGATGTTGGGCACGG,0.260524702723453
GCGTAAGAGACGATGATGTTGGG,0.161265893946023
GTACCTCAGATATAAGATCAAGG,0.262764451939754
AGCCTACCTCTTCCAAGGTAGGG,0.2436321635385
TGTATCTTCTCCAGAATGCTGGG,0.157879436265773
TTCAGGAGTGAAGGCGACATAGG,0.433791536579252
CGACATAGGACGGCGTGATGCGG,0.341620878272042
CGTTGGCGATGATCTCCACGCGG,0.402808715262638
GGAGGACAAGAAGGAGGACGTGG,0.303670031877058
GCTGAGCAGCAGCAGCATCGCGG,0.316207712127841
CATAACTGCCACGCAGGAGTTGG,0.235520439400569
GGGTACTACCAACTCCTGCGTGG,0.317437680779879
TACAGATCAGAAGCAATCAAGGG,0.328942382974236
AGGCTGCGGCGCCCACGAGACGG,0.51546401306828
GCTGCAGCAGCCCGTCTCGTGGG,0.173388276391164
AGCTCGGCTGGCACTTATCATGG,0.302596426861384
AACATACCACAGGTAAGCCATGG,0.248097994259503
GGATTGCCATGGCTTACCTGTGG,0.27153084692408
CAAGATATGCTCACCAGAGTGGG,0.337067398648218
CACTATGGACATATACTTGCGGG,0.183641567927215
GTTAGATTTACCTTCTATGATGG,0.317617116516556
GGGAGGGAGCAAAGATGGAGCGG,0.29471203814665
GGAGCGGCGGGAGGAGCAGCCGG,0.258832539714048
ACCAGCCTTGGACTTCACTGTGG,0.259304263851979
GTTCTCCACAGTGAAGTCCAAGG,0.215161191751666
CACTGTGGAGAACGTGGAGAAGG,0.264042320278312
ATAAGAACCTGGCTCAGAAGTGG,0.358065643162324
TATGGACCCAGCCCTGCGTGAGG,0.200131724667026
TTCATTGAGCTGGCGCTCCGCGG,0.230660627488343
GCGTCCTTACTTCATTGAGCTGG,0.334655862598061
CCTGATCGAGAAACAGCACCAGG,0.198735862598061
GCATGTAGTAAGCTGTACCCTGG,0.306386270121572
TAATGAGCTGGAGGCAATTGCGG,0.280598182347277
TTCAGTGGCTAATGAGCTGGAGG,0.164170345356682
ATTGCATCTTCAGCCAGCACTGG,0.197071912754801
GCTGCCGCCTACCCGTGCTGCGG,0.18676821369524
GGTTCCGCCGCAGCACGGGTAGG,0.23235203814665
CACGCTCAGGATCTCGGCCAGGG,0.182268652566713
GTCCTTCACGCTCAGGATCTCGG,0.195682947237559
GCGTGAAGGACATCAGTGGCCGG,0.211875549118437
GCCTTTCAAACATGGAGGAGCGG,0.225217743475804
GCGCGTACAGGGCCAGCAGCGGG,0.209125705858249
GTAGGGAATGGGAGGCAGGCGGG,0.185086458209346
GCTGGGTCACCTGTAATTGTAGG,0.248784389243829
TGCTCTCTCTCAGCATCGCCCGG,0.459316552253233
ACAAGTGTTATCTCTGTACCGGG,0.425614608679566
TCCAGCGATGGATCCCACCGCGG,0.27832269645386
GAAGGAGCCTGGAGGAGGCGCGG,0.266016238773609
TCAGTCGCCGCGCCTCCTCCAGG,0.315446834384895
AGGAGGCGCGGCGACTGAGGAGG,0.267396677645083
ATGCTGAATTCCTCAATGGAGGG,0.154659373569848
GGTCTCCAGCGCCTTCCTGCTGG,0.173465643162324
GGCCACCAGCAGGAAGGCGCTGG,0.279604577331603
CTTTGTGTCCTTGGCGCCGGTGG,0.215303762284581
TCGGACTCAACCTCTACTGTGGG,0.250792790497747
CTTACTCCTCCAAGAAGTCCAGG,0.305232665105898
ACTGTTCCTGGACTTCTTGGAGG,0.357255486422512
GACCTCCAGGTGCTGGCTGCCGG,0.211682947237559
AGCAAATATGGACCTCGCGGCGG,0.278695742012416
GTCCGCGCCAGGAGGAGCCGTGG,0.192537492692105
TCCTGGTCCGAAGCCGAGTGCGG,0.241262508366086
GCGGTAGGAACATGGCGGATCGG,0.258647210560443
GGATCGGCTCACGCAGCTTCAGG,0.356797053820632
ATATTATTGAAAGAGGCAGGAGG,0.235063386109033
CAGCCAGCTAACCCTACAGAAGG,0.395879812441321
ACGACAGATGCTGCCCGCATTGG,0.243339122786149
GATGGTCAGGGACTACCTCATGG,0.195860000529095
GTGTTACAGCGGCAGACTGAAGG,0.229942759149785
GCTATAAAGCCCAACAAGGATGG,0.299841693319064
TCAAAGGAGAAATCTACCCATGG,0.256015110246964
TGAAACGGTATAATCGGAATCGG,0.158352539714048
TTGCAGACTGGAAATAGCAAAGG,0.30578940491781
TTGGCACTGTGACACGGTTCAGG,0.349945643162324
CCCAGTTTGGCACTGTGACACGG,0.18940282184571
AGATCTGGGTTTCGTCAAGTAGG,0.393681317143515
TGGGTTTCGTCAAGTAGGTTAGG,0.243422382974236
TGCGGATTAAGCGACAGGATTGG,0.174005956641948
TCTGCAGCGGAGCCCTTAAGCGG,0.397334734071415
GGAGAATCCTACCTCTGCAGCGG,0.283407962911541
GACAGCTTAGAGCTGGAGCTGGG,0.466304263851979
CCTGACTGACAGCTTAGAGCTGG,0.321462759149785
GGCGTCGACGGACCCTGGAGCGG,0.274019498961697
TTCCGTCAGACACCGCTCCAGGG,0.32231203814665
GAGCGGTGTCTGACGGAAGTCGG,0.277897492692105
GACGGAAGTCGGCAAAGCCACGG,0.514699461970619
AAGTCGGCAAAGCCACGGGTCGG,0.188269028742262
GAAGCACTCGGGCCGACCCGTGG,0.226877680779879
GGATGTCTCGGCGGACGCGCTGG,0.1849653296827
ATTCAGATGTGCCGGAGCAGAGG,0.250231285795553
CAAGGTCAAATGGACCCATGAGG,0.218738495826901
GTTGGCAGGACGAGCAGCTGAGG,0.275489342221885
GTTGGTGAAGCTAACGTTGAGGG,0.319874295199942
GTCGAGGTCATAGTTCCTGTTGG,0.375476677645083
CTATGACCTCGACTACGACTCGG,0.396719687049472
GCTGCACCGAGTCGTAGTCGAGG,0.469386520905271
GCCGTATTTCTACTGCGACGAGG,0.370816006728404
GAACCAGGCGAAGCTGGTGGTGG,0.221923323413108
GCTGAGCCGCACCTACCGCACGG,0.362885580466399
CACCGGAGGGCAGCATGTCGCGG,0.314380000529095
TAGGTTGCTCTCCAAAGAGCAGG,0.248508150999315
GGAGAGCAACCTAGAAGGCTTGG,0.204253981720318
TATCTTCTCAAACATGACACGGG,0.3461521635385
GGAGAATCTTCAACTGCTGGTGG,0.371470658836305
CTGCTGGTGGACCGGCCCGATGG,0.270159060090224
GTTGTGCAGACGGAAACAGTAGG,0.311290972315929
ACGACCGGGTGTACTATGTGAGG,0.334198558522826
GGTCCCAGGCATGTCGGATGTGG,0.221181003663892
CTCGACGGAAGGCAGCGCCGCGG,0.323144890811227
GGTGGTCAGCGCGATGCCCAAGG,0.333888339087089
CGGGCGCGCGAAGATGGCGGCGG,0.349250094572983
CCCGCTCCGCACCTCACACACGG,0.291434545983641
GCAGGAGCAGTAGAGAACTGTGG,0.205574734071415
TGGAACACAGCGCACCTCTCAGG,0.246737868867653
CGTCTTGGCTGCAGCCTGAGAGG,0.249541756014989
TCAGCATGTCGGGCTCGGCGAGG,0.236619601294757
TCACCTCAGCATGTCGGGCTCGG,0.175290094572983
AGGAGTACTTGCGCCTGTCCCGG,0.384310408052606
GAGGCCGACACACTTCACCCGGG,0.325675549118437
CGGCCTCTCCGCACGCACCACGG,0.420841066359816
GCTGGTCTCCGTGGTGCGTGCGG,0.2327521635385
TCGTTCAAATGGCTATGAAGAGG,0.234157179212481
AAAGGAAGCTGAATTAGATGTGG,0.21393072153223
AATATGCATTGAGTGGTCACAGG,0.204646959776744
GAATGCATCAGAACCATGCACGG,0.311126207425647
TGGCTACTGAAGAAACATTGTGG,0.237761567927214
CCGCCGCTCGCCATGGATGCCGG,0.233870533444456
TTCAGTCACACCGGCATCCATGG,0.295383009933484
GATGCCGGTGTGACTGAAAGTGG,0.221630157268907
GTCGGTTAAGAGGATCCGCGAGG,0.267319687049472
AAGAGGATCCGCGAGGAGAGTGG,0.37267755538803
CGCAATGTCAGAGCAGACGCCGG,0.342330596140381
GATGTGCGGCTTGCTATTGAAGG,0.259091473883327
ATGGTCAGCATATTGATGTGCGG,0.519482069494613
GGCGAAGGGCAGGTTCTCCTCGG,0.239527586735992
TGAGCTGCACCAAAGAGACGTGG,0.335031787362951
TGCTGGGATATTAGCTCCAGCGG,0.578602571062011
GTGCCTCCAACACCTTCTTGAGG,0.479581756014989
CCAGGGCTCCATCCTCAAGAAGG,0.307957806171729
TTCGAGGCGCGCCTGGTCCAGGG,0.172705768554174
GACCAGGCGCGCCTCGAACATGG,0.308845956641948
GCAAGAGCAGCGGCGCAGAAAGG,0.205299373569848
GGTGGAGGCCGGGAGGACGAAGG,0.335116426861384
GCGTTTGATCATCTCGTCCGTGG,0.186410219964832
CGGCACTCACGACGCCACAGAGG,0.227623386109033
GCCAGCTGAGGTGGGTGTCCTGG,0.187615110246964
CTCTTCCAGCCAGCTGAGGTGGG,0.279450094572983
GGGACGGCGGCCCAGACGGAGGG,0.310543636892732
CTACATCGACAACCTCATGGCGG,0.30098677168897
GTCGATGTAGGCGTTCCACCCGG,0.196751285795553
CACAGATTCGCGCACACCGTAGG,0.286076301469534
TTCGCGCACACCGTAGGCCACGG,0.198168589870788
CACACCGTAGGCCACGGCGCCGG,0.195233041281447
ACGGCCCTGAAGCTGTTGCTGGG,0.229702257582387
ACTTGAAGGACTTGGCGGGACGG,0.250301630623139
CTGCTGGGCGGATGCGGACATGG,0.249345643162324
CTCCTCCGCCAGCTGCTGGGCGG,0.302687837519691
GCGGAGGAGCTGCAGATCTTCGG,0.200109655701509
GATCTTCGGCCTAGACTGCGAGG,0.642112790497747
TTAGAGCCTCCTCGCAGTCTAGG,0.329944263851979
GTAGAGCTTTGTGTTCAGTATGG,0.369574859463265
TGTTCAGTATGGACAGAATGAGG,0.184879937833171
CAGAATGAGGAGGGAATGGTAGG,0.190760439400569
GCAGGTGGCCACATGGATCCTGG,0.234028276391164
GTGCTTTAGGCTAGGCCCGCTGG,0.16998953030966
CAGCGTTGCAGGAGCTGACGCGG,0.167938621218751
GCGCCTGCCTCCGCCATGCACGG,0.363963072629409
CTCTCTTGATGGTGCGCAGCGGG,0.354061557213137
ACCATCAAGAGAGTCCAGTTCGG,0.576658119651353
CCGGACTCAGGACTCCGAACTGG,0.512669655701509
AGTCCTGAGTCCGGATGAACTGG,0.406369593005585
GAGCCGCTTACCAGTTCATCCGG,0.248286207425647
GCAGAAGCGAATGTCTGTGACGG,0.291694859463265
CAAATACCCAGAGACGACTGAGG,0.258355549118437
GATCCGCACGGTAGGCTGGTTGG,0.171651850058876
AGCTCCGTGATCCGCACGGTAGG,0.222442194886462
CATCATCGAGAACACCGACCTGG,0.491791137344914
TCGGAGGGTCTTCATCGCTGAGG,0.208858119651352
TAGCACTCACCTACGAACACTGG,0.16277084692408
TCACCTACGAACACTGGCAATGG,0.258023887676431
GCGGGCTGGCGACGTAGAGGAGG,0.384091724667026
GGTGGCAGCGATCCGCGGGCTGG,0.266587524040067
CCGTGGCTATCTGGTGACCCAGG,0.332106520905271
CTGCAGCTGTGCCACGACCGTGG,0.226379373569848
GGCGCGGCTCACCTGCATGATGG,0.201050972315929
ACGACGAGGAGGAGACGTACCGG,0.30702664629712
GGCTGCCATGGACGACGAGGAGG,0.283162571062011
GAAGCAGAAGCTCTTCACCGAGG,0.430571348491478
GGTGTGATCCAGCCAGGCCGAGG,0.176712539714048
TCACCGCGTAGAGCAGAATGCGG,0.381771097707779
TCCCTCCGCCTCACCATTCCTGG,0.337911160403704
GTATTCGCTTCTGCCAGGAATGG,0.472434420591791
CGTGGGTATTCGCTTCTGCCAGG,0.227784765419378
ACTTACGAGCCGGGCTTCGTGGG,0.374972226234425
GCCCGGCTCGTAAGTCCCGTCGG,0.395385266986776
GTAAGTCCCGTCGGGCTCCATGG,0.177670909620005
GCGTCGCCATGGAGCCCGACGGG,0.288147398648218
AGGGATGCGCTGGATGCCCTGGG,0.25672006322502
CTGCAGGCCGAGTACACCGAGGG,0.343981787098403
GATCGTCGGCAACAAGTGGGAGG,0.21652006322502
TTCACTTGTGGCAAGATCGTCGG,0.240941129055741
CCTGTACGCTGCTTCACTTGTGG,0.367576614949158
GCAGCGTACAGGGATGATCATGG,0.438374483287716
CCGTGGGCCCAGTACCTTGTTGG,0.295343636892732
GAACAAGAAGTTGGCCAACAAGG,0.463419122786149
CGAGGAGCTGAACAAGAAGTTGG,0.153678683914675
CTTGTTCAGCTCCTCGGCAATGG,0.656425799637588
TGGAAATGGTGGACACCGTCCGG,0.182352414322199
GTTCGTCCTGGTGGAAATGGTGG,0.453972226234425
AAAGAAGTGGATGATGTGCTTGG,0.17328808830339
GCACAACATCACCCGCAAGGTGG,0.417087712127842
GCGGGTGATGTTGTGCACGTAGG,0.242405078899001
AACGGGCTGATCGTGGAGGAGGG,0.343324712908435
CTGCGGGAACGGGCTGATCGTGG,0.527312915889597
CAGCATGGGACAGTCAGGGAGGG,0.244939875137246
GGTTCGCGGCATAGGCCTCGAGG,0.18454137983944
CGAGTGCGGGTTCGCGGCATAGG,0.195168464478939
GCGTGAACACGAACGAGTGCGGG,0.17292018861687
GGAGGAGGCGCCGCCAAGACAGG,0.28458953030966
CTCATCGCTGCGGGCGGAGGAGG,0.260808840654487
AGCGATGAGCAGCCCAGTGCTGG,0.172972477018124
TCGACCTGAAGCGCGTACAACGG,0.202253605544769
TGAAGCGCGTACAACGGGAACGG,0.188962194886462
AACGGAGCCCGGTACAGCTCTGG,0.186683574196807
CCGGGCGCCAGAGCTGTACCGGG,0.335875047551039
AGCACCGCAGCGGTCCGCAGCGG,0.176362194886462
GTGTGCGTTGCTCCCTGCTGCGG,0.366964201156055
GGCGCGGGCATCCCTAGGAACGG,0.260936550093085
GCGCCACTGGCTTCACCACGCGG,0.187468777958563
GGGTCATTTGCATCACGGGCGGG,0.200659875137246
AAATGACACCAATTACGATGAGG,0.194181254447591
CTACAATGAGACAATGACAGTGG,0.315379373569848
TAAAGCCAGAGTGGAGACACAGG,0.355017316376888
GTAGAGATTGATGCTCACATAGG,0.263659875137246
GCTTCTACCAACATGTCCCGTGG,0.332484702723453
GAGGGTCGGCTCTACCAAGTAGG,0.332414734071415
TGTGTGATGACCGGAATGACAGG,0.240812351626274
CGTCAAGAAGGGCTCGACCGCGG,0.483295737206211
GCGCAGGAGGCCGTCAAGAAGGG,0.155259248177998
GCGCGTACTCCACTTGGAAGAGG,0.390827900215616
CGACGGCCACCTCTTCCAAGTGG,0.254828777958563
GTGGCCGTCGGGCGAGAAGACGG,0.310436552253233
GTCGGGCGAGAAGACGGTGATGG,0.283493605544769
GCGAGAAGACGGTGATGGCGCGG,0.226237053820631
GTTGGAGACAAGGTACGGCAGGG,0.331241317143516
GCTGGACAGTGAGATCAAGGTGG,0.250170219964832
GGAGGTGCTCAAGATGTCCACGG,0.230965956641948
CGTGTGGGATGAGGCCGAGGTGG,0.225798056955428
GGAGAAGATGGCGACCGTGTGGG,0.155488464478939
TGAGAGCGGTAAGATGGCGGCGG,0.255820502096494
GGAGTGGAGGATGTCGATGGAGG,0.271140000529095
GACCTTTACCGATGGAGTGGAGG,0.27311742999618
GGAGGAGGGAGGCCGGGACAAGG,0.179469028742262
GGGAGGCCGGGACAAGGCGCCGG,0.534353542848845
GCTGCACCGGCGCCTTGTCCCGG,0.243814483287716
GGCCGCCGCTGGAGACTGCTGGG,0.186948276391164
GGACGAGAAGCCGAGCGGCAAGG,0.301979875137246
CCCAACCCTCCAGTCTGAAGAGG,0.436466144729722
GGAAGGTGGCAAGATGGTGTTGG,0.21174150523129
GATGGTGTTGGAAAGCACTATGG,0.184348527174863
TGTTGGAAAGCACTATGGTGTGG,0.536530596140381
GGCAAGATCACCTTCTGCACGGG,0.222972978585522
TAGGACTCACATGGGCCACGCGG,0.170950784228155
CCACGTCTATCTGCCAGTCGAGG,0.18547467137549
ACTCTTGATGCTCTGCTCCATGG,0.167179624353547
TCAGGCCAAGAAGTACGCCATGG,0.539792829319565
CCTGACGCCCGAGCAGCAGGAGG,0.227806082033798
GAATTTGAGAAGAAGTATGTAGG,0.305727712127841
GCCGGCCAGGAGAAATTCGGTGG,0.182968966046337
AGAGATGGCTATTATATCCAAGG,0.352193542848845
GCGAAACACTGTGAATGGCCTGG,0.17080545507455
AGACATGTCTGGCACAGAATGGG,0.176695611814362
GTAGGTGTTGGAACCCAGAGAGG,0.260147147864519
TTCGTCACAGGAGACCGCGCCGG,0.170709781093359
GCCGGAGCTGGTGCCTGCGGCGG,0.209521567927214
GTTGTCTCCCAGGTGACTGTAGG,0.288499498961697
TGGAGCGCGGCGGTGATGGCGGG,0.288163824980506
AGGACCGCGAGGCCTTCCAGAGG,0.262338621218751
CAGGAAGTTGAGCCTCTGGAAGG,0.360091850058876
GTCGCAGACTCACCTGGTACAGG,0.257184514635678
CTGAGAGGACCATTGCGAAGCGG,0.356978443315958
CAAGACGAGCCGCTTCGCAATGG,0.352366082033798
GGCCTGACGGTGGCGGCAGATGG,0.289604201156055
GAGAAGGAGGAGGCTGGCGGCGG,0.331343887676431
CGGCGGCATTAGCGAGGAGGAGG,0.248446309758844
AGGAGGCGGCACAGTATGACCGG,0.263043824980506
ATGACCGGCAGATCCGCCTGTGG,0.256827774823766
TATCATCATACAAATCCCTCAGG,0.29885335476107
CAGAGGTATATGGAGGTCAGTGG,0.190470157268907
TGCCTTTCAGAGGTATATGGAGG,0.331960564792418
CTGGGCACTCACATCTTGCATGG,0.204216364165459
CATCTTGCATGGCCCGAGTGCGG,0.570969843789283
TCAATTCTGATCACCGCACTCGG,0.225573856328468
GATCAGAATTGATCTGGTCCCGG,0.310067147864519
GATGCTCACCAAGAAGTCCACGG,0.195901003663892
TGAGGAGAAGGAACGGCTCATGG,0.331013856328468
GGTTAAGTTGTACAGAAACATGG,0.431039687049472
TTAACCTTGCAGAGAGCCACTGG,0.435318758383158
AATGGCAAAGCTGATGCCAGTGG,0.329692477018124
GCAGCTCCAAGATCTTCCCACGG,0.375461254447591
AGTACATACCCTACTCACTGTGG,0.355103511500882
GGCTGCCTCTGCTGGAGAAGTGG,0.318995423726588
CATCTGAAGTGGTTAAGCAGAGG,0.19954413846013
AGTGGTTAAGCAGAGGGCACAGG,0.218307900215616
GGTATCCAAGGGTTGTATCGAGG,0.162484326547904
ACTCGACCGCGTCGCTCCGGAGG,0.171102257582387
TGCTCGCTTGTAAACGCCTCCGG,0.205996301469534
GCGAGCACAAGAGCCTCCGCCGG,0.373848715262638
GCGGAAGCGCAGTGCGGAGCCGG,0.411694232504017
GGTGAAGCGGAAGCGCAGTGCGG,0.629876677645083
CCGCTGTACTCCGGGTGAAGCGG,0.32353738522364
CACCCGGAGTACAGCGGTCCTGG,0.173321066359816
GTGTACTGCAAACATATTGATGG,0.165298495826901
CAGCATGCGGGTACTTCCAATGG,0.209728339087089
GTAACACCTGGAACTCCTTGAGG,0.191732351626274
TAGAACTGATCATTGATTGGAGG,0.210222257582387
TCACCTTGAGGCGGTTCAGCTGG,0.185891348491478
GGCGGTTCAGCTGGTCGTGCAGG,0.340769091438186
GGAGACGCTGCTGCGGTTGAAGG,0.27670664629712
AGGAGGAGGAGACGCTGCTGCGG,0.478089718397434
GACCAGGCAACATGCTGAGCCGG,0.327755172942888
AAGGGACAGCACCTCTCCTGTGG,0.218582508366086
ACCCGCCGGGATGAACCCACAGG,0.179019122786149
GGGTCCGGTCAATGAGAGAACGG,0.304571724667026
TCTGCAATACGAGTACAAGGCGG,0.17459755538803
TGTACTCGTATTGCAGACTACGG,0.33614137983944
GGGTCTGGCTATGGTGGTGCAGG,0.421820376704644
GCTCTGCGATCTGCCGATCCAGG,0.180402320278312
CCGCCCGCACACACCTGGATCGG,0.402164577331603
CATTGCCTGGCCGTATTCTAGGG,0.273555925293986
GGAAAGTAATGGACCAGTGAAGG,0.447963950372355
GTAATGGACCAGTGAAGGTGTGG,0.31162137983944
CTGCTCGATGTTGGTCGCCATGG,0.627033720222541
ATGTCAAGTGGAAGGAATGAAGG,0.334164075764205
AGGAATGAAGGCCAGCTGAATGG,0.307193793632544
TATTTGTTTCACCATTCAGCTGG,0.266508652566713
GAAACAAATACACCCATTGAAGG,0.37821623877361
TACACCCATTGAAGGAAACCAGG,0.457411599275177
GCGGCCTGACTACAAGGGAGAGG,0.30523755538803
ACAAGGGAGAGGAGGAACTGCGG,0.280896364165459
AGGATTAGGCCGCTTCACCAGGG,0.259031536579252
GAGGACGTGTTCTACAAATACGG,0.270646708993045
CATCCGAACCAAGGACATTGAGG,0.203144263851979
GTAAGTTACCCACGTAGATGCGG,0.224540000529095
GCGGCAATCGTTGTTCCCTGCGG,0.336885580466399
CGCTACACCAAGGAGTCCCGCGG,0.564863887676431
TCCTTGGTGTAGCGGTCCCGCGG,0.176056364165459
GCGCCTCAGCGTGTCGGGCGAGG,0.208542382974236
CAGGTTGTCCACCTTGAGGGAGG,0.436544890811227
GGGTATGACCTCCCTCAAGGTGG,0.246350658836305
CCACTCAGAGCTATGAGCTACGG,0.181830784228155
TGGAAACAATGGCAACAAGACGG,0.177926332817497
ATGGACCACTCCGAAGTGTGTGG,0.188800564792418
GCAACCCACACACTTCGGAGTGG,0.47384018861687
ATCACCTTCCATCTAGCTCTCGG,0.224727335952293
TCGACAGTTCCACTCTTACACGG,0.250439561657622
AGGCAAAGTGGACAACATCCAGG,0.169969593005584
TACAGAATGATGGTCGACTGAGG,0.191795423726588
GTTCAACGACGTCTATCAGGAGG,0.407887210560443
GGTCGACATGGCAGAGACACTGG,0.162701756014989
ACAGGAGGCGGTAAAGGAGGTGG,0.177644953507152
TCCTCACTTGTGGAAAGAAACGG,0.27188006322502
CTGCAAGAACCGCTACGACAAGG,0.576334084053377
GTAGCGGTTCTTGCAGCCGTAGG,0.430604702723453
CTTGCAGCCGTAGGCGGAGCAGG,0.197292091716073
GTGCAGTCCTGCTCCGCCTACGG,0.35686137983944
GCAGCACGTAAAGCCAGGCATGG,0.482862759149785
GGCACGCAGCACGTAAAGCCAGG,0.344662759149785
CTGCTACAACAACTCGCACCGGG,0.334023511500882
TTCCAAAGGACGCTGAGTTGCGG,0.319911787362951
GCGACACGTTCTTGAGCCAGAGG,0.156171473883327
CTCAAGAACGTGTCGCGTGCCGG,0.159564828115302
AGGATGAGACACGAGATGTGCGG,0.314581129055741
GGAGGGAGACACTTACCATAAGG,0.230459373569848
TGTCTCCCTCCAAGTACCCAAGG,0.229998307739127
GTACCCAAGGGCACTACATGTGG,0.192484953507152
TACAAAGGCGTTCGTGGTGCCGG,0.211429906485208
GGTTGTGCGCGGACGCTGCGTGG,0.167583887676431
GCTAGCTGGCAGGTTGTGCGCGG,0.250493730936619
CACAACCTGCCAGCTAGCCGCGG,0.236326082033798
AGCTCTACGCTTCGCCGCCGCGG,0.479023948212207
GCGGCGAAGCGTAGAGCTGCGGG,0.268239185482073
GTGAGGCCACTAAGGAGATGAGG,0.232409593005584
AACTGCTGTGCCCAGTTACGAGG,0.216071285795553
TGGGCTGGTATATCTGCTCATGG,0.256930470748531
AGGCGCAGAGGGCCGGGCAGCGG,0.159815611814362
GCTGAGCAAGGCGAAAGCCAAGG,0.223937868867653
TCCTCCCACAGAGCTGAGCAAGG,0.271065893946023
AGATGTTGGCATTAACTATAGGG,0.354594922159189
TAATTCCACAGAACCAATGTAGG,0.301521567927215
AACCAATGTAGGTGTCTGGGCGG,0.196926708993045
CAGATGGTCAGTAGGACAGAAGG,0.19248808830339
TCTTAATGCAGATGGTCAGTAGG,0.166548652566713
CGGGTTGTGCCTGGAGGTGGAGG,0.202630408052606
CGCGGACGGGTTGTGCCTGGAGG,0.306165580466399
ACAACCCGTCCGCGATCTCCCGG,0.235422759149785
CTCCGACATCTACAAGATCCGGG,0.156091975450726
GTGAGGACTCACGGCTGATGAGG,0.175452727801823
ACTCACGGCTGATGAGGTCCCGG,0.297112915889597
GAGGATGCTGGTGGTGGAGGTGG,0.36423755538803
CTGGTGGTGGAGGTGGCGAACGG,0.176978245043202
CACACCCAGGCGCTCCCGGAGGG,0.153503386109033
TCAGCAGCAGCGGGAGGCCCAGG,0.293492477018124
CGGGCATCAGCAGCAGCGGGAGG,0.163932978585522
TGGCAACCAGATCGGTGCCAAGG,0.242996050685835
CATTGTAGTACACAGAGATGCGG,0.201594420591791
GGCATTGTAGGGCTCGACCACGG,0.555778997394299
TCATGGTGGCTGAGACAAGGTGG,0.437596301469534
TGTAGGGTGATGATTTCCCTCGG,0.330721818710914
GGAAATCATCACCCTACAGTTGG,0.175667649431917
AACGACCTGGGAGAATCCGCTGG,0.294548545913357
AGATGGTAGTGACAGTCTAGAGG,0.157408840654487
AACTGCTCTTGGCTCTGAGCGGG,0.219003699588657
TTCACCTGGAACAAGCGGAGTGG,0.285399370594173
GCAGAGTCGATTCAGGACACTGG,0.237066270121572
GATCCCAGTCGTGGCCGAAGCGG,0.534447298961215
CCACGCGGTCCTCCTCCGAGAGG,0.352916552253233
GGTGGACCAGGCCATCCTCTCGG,0.172986520905271
CAACGGCTGGCAGGTGGACCAGG,0.353681818710914
ATGCTCCCGCACCTGCACAACGG,0.18177348015292
GTGCGGGAGCATGTACGACATGG,0.349850470748531
CGGCAACTCCTTCATCTCGAAGG,0.177254734071415
AGAGGCGGCGGCAGCGGCTCCGG,0.181188652566713
GAGCGGCGGCGAAGAGGCGGCGG,0.377905266986776
GGCGACGAGCGGCGGCGAAGAGG,0.195662257582387
CGGAAGATGGCGACGAGCGGCGG,0.249912288930349
ACACCATGTGGATCCAGGTTCGG,0.159146270121572
GTGGATCCAGGTTCGGACCATGG,0.190327461344142
GTGGGTCTGCCTCCCGTCCATGG,0.242883950372356
CGGGAGGCAGACCCACACGGTGG,0.269933229369221
GTCCAGGCTGACCAAGGTGGAGG,0.231092978585522
TGACCAAGGTGGAGGAGCTGAGG,0.179644828115302
AGGACAGCCGCGGCGCGAGGAGG,0.492221756014989
GCGGCGAACTTCACGGCCGGAGG,0.289553292065146
TCTCGGTGCCGACCCACACATGG,0.326966458209346
CGCTGGAACCATGTGTGGGTCGG,0.352692477018124
CTGCACGCTGGAACCATGTGTGG,0.395262633757935
GGAGGAGGAGAACATCCGCGTGG,0.216125705858249
AACATCCGCGTGGTTCGTTGTGG,0.397646959776744
TGCCGCCACAACGAACCACGCGG,0.28373348015292
GAGTGTGTACACATACTGCATGG,0.214561442535365
GGACACAGAAATCTGGTGACTGG,0.230151912754801
TAGGGCCTCATGCATCTGCAGGG,0.322706270121572
CTGCATGAGTGTATCTGATGAGG,0.244813730936619
GTACAGTAAGAAATATGGTGTGG,0.515043072629409
CGCGGAACACCTTAGCGACGCGG,0.259758591194025
GAATGAAGCAACAAAGAATCCGG,0.17910677168897
TCTACGACGACACTGTCCTGAGG,0.324759310873923
GTCGTAGAAAGAGAACGTATTGG,0.189106144729722
CTGAAAGCAATATGAAGTCCCGG,0.162324451939754
GCAGGAGTCACAGATGAGAGCGG,0.237998934698374
ACAGATGAGAGCGGAGATCCAGG,0.25448545507455
GGAGATCCAGGACATGAAGCAGG,0.216585517770475
GAGCAGCTGAGTTCATCCGAAGG,0.328750533444456
GACAAACAATGACTTGTACCGGG,0.218704263851979
GAAGGTGGAAGAGGAAGATGAGG,0.332299624353547
GGGTGATACGGAGAACGGAAAGG,0.0819484017830139
CCAGGCTGAGAAGGGTGATACGG,0.203193689033073
ATAATGACCCAGGCTGAGAAGGG,0.0319985585228258
GGCATCTTCTCCTCCCAGCCCGG,0.0306938563284685
CCATTATAAGCTGTCGCAGAGGG,0.100092372418653
CAGCTTGAACTCGTTAGAACCGG,0.2234264163058
CTGAACCAGCCACCCGAGGATGG,0.0606280256074654
AGATGCCATCCTCGGGTGGCTGG,0.128073689033073
AAAGAGGTCGAAGATGTAGCGGG,0.103584033860659
CCCAAATTCAAGGCGGCCCGTGG,0.143179573059041
ATTCCCAGCCAGGATCTGATCGG,0.0392742951999419
GCTGGGAATGCGGTGCGGGCGGG,0.199032811290127
GTGCAGGATGAACTGTCGCTCGG,0.073390533444456
CGTGTGCAGCACAGCCAGCATGG,0.0630981196513525
GTGCTTCTGCACCGCAGCACAGG,0.0645164268613839
CCTAGAGGTCCAAGCCCGCTTGG,0.0650465836011958
CTGACTTCACCAAGCGGGCTTGG,0.207411369283857
CAATCTCTAGCACCAGGGACTGG,0.0719213171435155
GCAGCGGGCACAGGAGGAACAGG,0.125179519754076
CCCGCACTTACCGGGCCGCACGG,0.10791995862555
TACCTTCTCTCCCACCAGCAAGG,0.0893756118143619
ACTTGAGGAAGAGGCCCAACGGG,0.0317482763911644
TGGACGAGATGCCTCTCTTATGG,0.153869676493888
CGCGCTTCCGCAGCCGCTCTAGG,0.185673563641224
CTCTGTGATATTGTGCTGTCAGG,0.208501902199217
CTTGGCGAGCTTCTCGTATTTGG,0.107443845772885
TACGAGAAGCTCGCCAAGATCGG,0.0587461447297224
AGCCTTACCCGAAGGTGCCTTGG,0.101521087152196
CGCCTGCAGGGAGGTGTTCAAGG,0.180118077747807
GCATAGCGGCAGTCCTTATCTGG,0.0673568030369325
TGGCATGTCTCCTAGGCCTCCGG,0.0469412544475908
GCACAACATGCCGATGTCCTTGG,0.149307294048747
AATGCAGTGGTTCAATTGAAAGG,0.143549801885738
TGTTCACATTTCTGATCAACTGG,0.258384911603606
ATGGTGAATGCCAAATTTGAAGG,0.230470554236835
TAGACAGTCACTTCGGTCCCTGG,0.194949801885738
ATGAAACTCCCATCAACCCTCGG,0.0787204394005688
GCACATTTCCGAGGGTTGATGGG,0.167162341070691
CCGCGCTCACTGTCCATGCCGGG,0.109683218813638
TTGAAAGCTGCCTGCGGCAAAGG,0.0695437622845813
AAGGAAGATGGCGGACGGCGTGG,0.0775134174569951
GGACCACATAGACATTTACGCGG,0.0796633861090327
CCATGTAATCTCGGTCTTCTGGG,0.114619143578528
CCACCGGCCTGTGACTGCTGTGG,0.194132372418653
GCTCAAGCCAGAGTTGCTCCGGG,0.107672560506427
GGAGCCCTTGACATCCTTCTTGG,0.168079707841851
CCCTGCCAAGAAGGATGTCAAGG,0.233990052669437
ATGAGGTGGAGACAGCAGCTGGG,0.196207482136522
AGGTCGCGACCAGCCCAGATCGG,0.0794001886168697
CTCCTAGGCTGTCACCGATCTGG,0.13110654169765
TATCTCCTCTATCACGTTCTCGG,0.141348422575393
TAGACCGATCTTCACGATCCCGG,0.147394315992321
CCCGCACGCTTCTTGCCAGAGGG,0.180980146713324
TCGATTTAGCAGAAAGCAAACGG,0.129561839503293
GATGACGACGACGATGACGTAGG,0.0800213798394403
CTCTCCTGAACCAGGTACTCAGG,0.135763594989186
TTCGAGAACAACTGTGAGATCGG,0.0711272105604434
AGGAGCTACGGGCTGTCGTGCGG,0.110619645145926
ACTGGTGACGTTGCTCTTGCTGG,0.11085061693276
CTCTCTGGTATGCCATGATCAGG,0.145543532293261
ATGCCATGATCAGGGCCAACAGG,0.109816510349688
CATTGGCGCCAAGATGGCGATGG,0.105801588719594
CAAGCCTCTTAGCGAGAGACTGG,0.24676785831207
CTAGATGTTTCTTAGTGTCGCGG,0.265511431979782
GATACAATCACTACGGACACAGG,0.0742360506858353
TCTTGTCGGACCAGGGCTACCGG,0.149292873986051
CGAACACGCCCATCCGCGCCTGG,0.193344535428058
CGCTGCCATGGCTCAATACAAGG,0.0648212544475908
GCTTCTCCCGCTTCTTCATCAGG,0.0611872732563682
AGAGAACTTCTTGTCAATGTTGG,0.0529952983347381
GGAGCAGAGCCGCCGCAGCTCGG,0.0291766149491582
GAGCTTGCTGATGATGGTGATGG,0.033156928428782
ATGCAGTCCAGGGCAGTAGATGG,0.117509927277587
AATGTCTAATGCGATGTATTTGG,0.0482566149491582
CAAAGGATACCTCGCTAGCTAGG,0.082735862598061
TAAGAATTACCTAGCTAGCGAGG,0.147959457058152
TCGATTGTGGCCGCTTCCTTAGG,0.133170366149061
TTCTTTGTTATTTGACCCTAAGG,0.0550868343848948
TTGGCCGTGTCAGGACTATTTGG,0.166307544832446
TTGGGCACGGAAGGTGGAGAGGG,0.108956322261913
CCACAGTACCAACACTATAAAGG,0.0401134174569952
CGTGTTCAAGAACGGCCGCGTGG,0.137395193735268
CTCCTTCTTGTCCTCCTCCTCGG,0.088677179212481
TTTCATGTTGACAGAAGATTTGG,0.186579394362227
AGCAAAGATGGAGCGGCGGGAGG,0.0627835115008823
GGCTGGAGCAGCACCAGCCTTGG,0.16591732539671
CCCAGCCCTGCGTGAGGCCGCGG,0.173025663954703
ACCTGATGAGCTCAGGAGAATGG,0.102209739189813
AAATGTTGGAACTGGACTGGTGG,0.144833563641224
TTCATTACGTCACCACATGCTGG,0.170003971164735
TGGTGACGTAATGAAATTACAGG,0.114600710976647
CATCCAGCCGCGGGCTGGGCGGG,0.0600956118143619
GTTTCAGCGCCTACAATTACAGG,0.187387795616145
AGATAACACTTGTGCGCGACTGG,0.196466290913951
CGACTGAGGAGGGCGTGAATAGG,0.151449488406114
CGCCTTCGGGAAAGTGTATCTGG,0.0407326024099732
CAAAGCCAATGGGCAGGTCTGGG,0.321116071478214
AGAAGTCCAGGAACAGTTTCTGG,0.0994772000048601
GCTTCAGGACGCTGTGAATTCGG,0.318270303453136
AGAATCTACAGCTGCTTTACAGG,0.189864284644358
TTCTCCTGTTCTTCCACTTCAGG,0.11396509969138
TGTTCTTCCACTTCAGGGTCAGG,0.191755444518967
ATCAAGAAACAGTAGTTTGTTGG,0.099556698437462
AAGAATTTACTTACCTCCAGAGG,0.12986654169765
TAAATTCTTGAATGTTTCAAAGG,0.302531745459405
CATCAGTGAAACGGTATAATCGG,0.077264640027528
GAGAACTCTTTCATTTATTCAGG,0.206934880255644
GCTGTTGACAACAGAGGAGGAGG,0.0772312857955531
CGCCGCAGGTCTGGCGTCGACGG,0.0325126651058979
GCACATCTGAATCTGTGTCCTGG,0.209920084017399
ATAGCAAGTGCAAGGTCAAATGG,0.230712058939029
AGATATCCTCGCTGGGCGCCGGG,0.155992435114578
TTTCTTCCAGATATCCTCGCTGG,0.0565848908112271
AGAGCCCGGAGCGGCGGCTAGGG,0.297247231352822
AAGGAGGCTGCTGTCGATTAAGG,0.0381991854820735
TTCAGTTTCATTTGCATCAGAGG,0.0477575553880296
AAATGAAACTGAAGATCATTTGG,0.0887287152626378
GAATCTTTAATATGTAAAGTAGG,0.170333375553449
AAACACCAGCCAAGCCTTCTAGG,0.0869996870494716
ATCTTCAACTGCTGGTGGACCGG,0.0832099691811331
AACAGTAGGTGCCATCGGGCCGG,0.0620775553880296
CATTCCGGTTCAGACGCTTTCGG,0.158052121634954
AGCGCGATGCCCAAGGCCAAGGG,0.0452026964538603
GTTCTGCCTCAATCTGACTCTGG,0.108399582450001
CCGGAACTGCCATACCTGGGAGG,0.155329363014265
CCGGCCCGCAGCTGCCGTCTTGG,0.0635263328174967
CAACGTGAGCGATGCCGCAGCGG,0.0866104707485312
AGATGGCGGCTCAGCCGCTGCGG,0.0498938563284685
CGAACTCACCTCAGCATGTCGGG,0.0400102199648321
CAAGTACTCCTCTGCTTTCCTGG,0.0697326024099732
ACAGTTCATCTCGTTGTCTCTGG,0.107629551102039
TAAATGTGACTCTCACCATTCGG,0.0748840757642052
AAGGAAGTAGGAAGCATCATTGG,0.222946290913951
GGAAGCATCATTGGGAAGAAAGG,0.181022529158465
GGACTCGTCCCACGTCTCTTTGG,0.198264159252509
CGGTGTAAACCTGCAGAGCATGG,0.0660089660463368
TGGAAGTTGAGCAAGAGCAGCGG,0.0747980569554277
GTCTGTCCAGGAGGAGAGTCCGG,0.0383631980212585
TGGTTACCGGACTCTCCTCCTGG,0.132855131039343
CTCGTCCGTGGTGATCTTGTCGG,0.178538391227431
CAAGGACTCGCCCTCCGTCTGGG,0.12685588339044
CCGCCAAGTCCTTCAAGTTCTGG,0.238570993108308
AGGTTCCGCCACCGGCTGCCAGG,0.149563469597337
TCCCGCGGGATTCCATAAGAGGG,0.248929237622415
GGGAGTCGCTTACCTATTATGGG,0.155485852042478
TCACCTGCATGATGGTCTTGCGG,0.14530390846881
TTCACCGTGTTGAGCAAGTTGGG,0.0310088406544873
GGTGCTGGTGTGATCCAGCCAGG,0.0876813171435155
AGCAGTAGCGCTTCAGGCCCAGG,0.127443330297558
CGGTGTCCACCATTTCCACCAGG,0.0384408155761174
GGCCGGGATGTTCGTCCTGGTGG,0.0753736055447694
GCCTTCGGGTCCCACCTTGCGGG,0.0473863955134215
GGCACGTGTTGCAGGAGAAGCGG,0.231633378459421
ATCAGCCCGTTCCCGCAGCCGGG,0.387571541349897
CACGAACGAGTGCGGGTTCGCGG,0.209526729785424
CGTGTTCACGCGAGGCTGCACGG,0.173574754863794
CGTACAACGGGAACGGAGCCCGG,0.0663024140576512
GCAGCGGTCCGCAGCGGACAAGG,0.0696862074256472
CCACAGGGTCATTTGCATCACGG,0.0455239503723556
GGAGAAGAAGATGCAGATCCAGG,0.0862320381466503
TTTAATTGATAAAGCCAGAGTGG,0.129562968029938
ACCTGGTTCACTCACCTACTTGG,0.0405141698080923
AGATTAATTACCTGTCATTCCGG,0.130757952355957
GGAAGAGACATTGTTGTTCTTGG,0.111738015051882
TAATTAAAGGTTGGTGTTCGAGG,0.178589425710189
CCTCCTGCGCGTACTCCACTTGG,0.220901024456271
GTCACTGGACTCTCAATATTCGG,0.062700125920945
TGAGTAGAGACTGGGCTCTCTGG,0.0852968657328572
ATCGACATCCTCCACTCCATCGG,0.104990554236835
CCCAGTGAAGCGTGACATTCAGG,0.208004347340283
CAAGGACAAAGAACAGGAGCTGG,0.0598676494319168
AACAGTGAGTATATGCGGAATGG,0.0415201886168697
CTTCTTACCCACCAGGCTGCAGG,0.203585538562854
GGTCAGCACTTCACAGTCACTGG,0.211026040130252
CACGCGGATGCCCGTGCAGAAGG,0.042561442535365
CTGCTCCATGGCGTACTTCTTGG,0.0681082763911644
CCGTCGTCCCTCTCGATATTTGG,0.034900125920945
CACTTTACCTTCACAGCACGAGG,0.0793338563284685
GAGCCCGGCTTCTTCGTCACAGG,0.135877952355957
CAGGAGACCGCGCCGGTGGCCGG,0.194992309722728
CTCGCCAGCGCCTGGTTCTCGGG,0.034752665105898
CGCTTCTTCAGCCGGCCGTCAGG,0.0454127278018227
AGCGGCTGCGGGCGGCCTGACGG,0.0861334801529199
GTGCTTCTTGTCGGCTTGAAAGG,0.146326102826177
CCCACTCACCGTGGACTTCTTGG,0.111051870851255
GGCATCAGCTTTGCCATTCATGG,0.148950052669437
AACAACAATTTCTTGTTGTTTGG,0.224621024456271
ATCAATCAACCAAACAACCCTGG,0.0398396870494716
CTTACATCATGTGACTGTTCAGG,0.081140125920945
CAATGAGAGAACGGTCAGCTTGG,0.0720266462971205
ACGGGCGGTTACATCCGCCATGG,0.245217889660032
CGAGGCCATGGACGTGTTCCAGG,0.180266040130252
GCAAGATGGCGGACGAGGACGGG,0.0656691541341111
TGACGATGCGCACGACCCGCGGG,0.039542257582387
CGCATCGTCAAGTCCGAGTCCGG,0.0307896557015092
GAAGGGCGACGGCCCAGTGCAGG,0.114736510349688
CTTTCGTGGTCAGTAAATTCCGG,0.112894629471945
TAAATTCCGGGAAATTCAACAGG,0.03277611338176
AAAGCTCCTGTTGAATTTCCCGG,0.147412623202352
AAATTCAACAGGAGCTTTCCAGG,0.122809112230565
AGAGGAGGAACTGCGGCGCCTGG,0.206618140443732
GTCACCGCCATGTCGGGAGGTGG,0.146686353609876
GGAGGTCATACCCTCCACATCGG,0.0371214425353651
TGGGAAACAGGAGGCGGTAAAGG,0.264648359879468
AGGTACTCACCTAAGCAATCTGG,0.0659631980212585
AGTGCCCTTGGGTACTTGGAGGG,0.167248736055017
CGCAGAAACTCCAGTACTCGCGG,0.192289237622415
TTGGCATGTTCTTCACCGCCTGG,0.129718203139656
TTCCCTCCTCTAGGAGCTCGAGG,0.0623282136952397
CATGGAAGTGTCACCATTGCAGG,0.159696635741537
CTTTCGGTACCTTCGCCCTCGGG,0.0366440757642052
CCGGAGGGCCTGCACCGCCTCGG,0.149789425710189
ATATGTTCCTCGTGCCATCCTGG,0.0865068970808196
GACTGCATTCCAGGTCAGTCTGG,0.124249989973512
GTGCTGTGTCACTCCATTGCTGG,0.216590303453136
TGTCATTCAGCCGTTCTAAGAGG,0.0555679629115406
CCTCTTCCTGCAGGTATCGCAGG,0.0375672105604435
TTCAGGACACTGGTCTCACTGGG,0.125132372418653
CCTCCTCCGAGAGGATGGCCTGG,0.230052769281427
CTACTCCGCCTTCGAGATGAAGG,0.0390943578958666
CGGAGTAGGACGCGGACAGCAGG,0.378263657685111
TCCAGGTTCGGACCATGGACGGG,0.055243072629409
GCGGCAGCGAGTTGAACTTTAGG,0.0762070851685939
GGTACCATTACCTGGCAGTTAGG,0.111919582450001
CTCGATGTATTGCAGGGTGGTGG,0.178934002512697
GGCTTCCATGTCTTCACCACAGG,0.0707848908112271
CGCGTCCTTCTGCAGCACCCTGG,0.0611728531936723
CAGTCAGGCCATAGCATTCCAGG,0.180675444518967
GAATGATGACTGCTGAATCACGG,0.0285050162030767
TGCTGAATCACGGGAAGCCACGG,0.109877450788559
CCCACAGGCTGCACAGGAGAAGG,0.167521714111443
GGATGGTATCGTAATAGTGAAGG,0.0321954237265876
CGTAATAGTGAAGGTGGAAGAGG,0.0363837622845813
AAGATGAGGAAGACCACATGTGG,0.0388759252939857
AGGAGGCGTGTCCTGTAGGGTGG,0.198746917873199
AATATCTCTGGGTCTGGAGGAGG,0.0478374299961801
TGGCGGAATATCTCTGGGTCTGG,0.330531118500158
ACGGCTTGTTCTTACAATACCGG,0.153024640027528
CAGAAGCGAGACTTTGGGTACGG,0.279372978585522
ACTACTTACCAGGGACACCTCGG,0.31862677168897
CATATTCATCTGACACCATGTGG,0.198147398648218
GAATCCTGCCTTACCTTCAGAGG,0.156046583601196
TTCTCCCTACCTAGCCCTGGAGG,0.212777868867653
GTACTTATTGGCACAAATTCGGG,0.245985392378625
TCTTGTTGATGCGGATGACGTGG,0.328303887676431
AGGCTCCAAACAGGCATGCGAGG,0.192964577331603
AACTTGGCCAATGTGAACCCTGG,0.305894608679566
GTTCTGCAGCTTGGTGCGGATGG,0.263348903350412
ATGTGATTGAGGCCCTGCGCAGG,0.164470157268907
CTTGAACTTGGCCCTGCGCAGGG,0.264575110246964
CAGCACTACATACCTTCTGGCGG,0.266641442535365
CGGCTCATCCCAGATGGCTGTGG,0.376131599275177
GTGGCCCTCTGGACAAGTGGCGG,0.163561567927215
TGGCGGGCCCTGCACTCATGAGG,0.185219749745396
CTCTCGCGACACCCTGTACGAGG,0.19604018861687
GCGGTGCGGGAAGTCCTGCACGG,0.333351536579252
TCTGCAACTCCACCGTCTCCAGG,0.226703009933484
GGACCAGCAGCACTGTGACGAGG,0.40846953030966
GCAGCACTGTGACGAGGCTAAGG,0.277035925293986
CTGCTTGATCAGAGACTCTGAGG,0.243388276391164
AAGCAGATTCCACGAATCCTCGG,0.181103386109033
CATGGTGGCCAAAGTGGATGAGG,0.265622382974236
CTACAGCCAGACATAACACCTGG,0.170178370435052
TCCCTGTTGCAGCAGGATCAAGG,0.266195799902136
AGATGTTGAGACAGAGTTTGCGG,0.16865335476107
CTCTGTCTCAACATCTGTGTTGG,0.198226646297121
GACGCGAGCAGCCAAGGTGTTGG,0.17661623877361
AAGGTGTTGGAGCAGCTCACAGG,0.349979498961697
TGTGAGCTGCTCCAACACCTTGG,0.430483950372356
GCTGTCCACTGCACAGTTCGAGG,0.167629655701509
ATCAAATATGACCCAAGCATTGG,0.181533981720318
CTACGGCCTGGACTTCTATGTGG,0.163454984855114
TTGTCTGCGATGCTGAAACCTGG,0.248731724667026
GCAGACAAGAAGCGCAGGACAGG,0.208640439400569
CGATGATGTCATGAGGATGGCGG,0.269310031877058
AACATTACAGCCCACTGACTGGG,0.162886583601196
GGAACCATTAAAGAGATCCTGGG,0.297511912754801
AGAGTTCTCTGGCTAAGGATCGG,0.395079060090224
TCAACATTGCTCGACAGATGCGG,0.551833292065145
TGTCTCTTGGTGGTTCCTTGAGG,0.199405078899001
GGCTTTGATGATCAGGGCAGAGG,0.290044828115302
ATGATCAGGGCAGAGGCAGAAGG,0.226462382974236
ATCTCTTCTGCAGATTGAGGTGG,0.408047210560443
CGGGTGACTGGAAGGGCCTGAGG,0.196531223099628
AAGGCAACGGGTGACTGGAAGGG,0.352716552253233
GATGACATTGCCAAGGCAACGGG,0.324298245043202
AGTTGGTGATGACATTGCCAAGG,0.3716053296827
GGGATAACGTACCAGACCCAGGG,0.383753542848845
AGTCGGTGCCACTTCTGCCCTGG,0.216361818710914
AGTGGCACCGACTTCACCTCCGG,0.371340125920945
AGGTGCACCGGAGGTGAAGTCGG,0.222261881406838
GTATACCTGAGGTGCACCGGAGG,0.441825893946023
GCCATGGCGCCCAGCCGGAATGG,0.171330345356682
GGCGCCCAGCCGGAATGGCATGG,0.513307774823766
AGCCGGCCCGTAAGATCCGCAGG,0.343534859463265
TCTCCACCAGACGTAAGGCCCGG,0.195656364165459
GGCTTGCCGGGCCTTACGTCTGG,0.400820376704644
GGCCGGATGGGACCCGACGCGGG,0.247836677645083
GGGCCGGATGGGACCCGACGCGG,0.21270953030966
CTCCAGGCTGAAGCCGCGGCCGG,0.316191160403704
GCTTCAGCCTGGAGGAGCTCAGG,0.364317806171729
TACTCACCCTGAGCTCCTCCAGG,0.269774232504017
GGTGGCCGGCATTCACAAGAAGG,0.349068903350412
GGCCACCTTCTTGTGAATGCCGG,0.278671411187403
AAGAAGGTGGCCCGGACCATCGG,0.170341881406838
CACAGAAATGCCGATGGTCCGGG,0.177340502096494
GCATTTCTGTGGATCCGAGGAGG,0.194404828115302
GTTGGCCTGCAGGGACTCCGTGG,0.21472018861687
GGCCAACGTGCAGCGGCTGAAGG,0.248158558522826
GGCCACCCAGCTGACCGGACCGG,0.243325956641948
GCGGCTGCCGAAGATGGCGGAGG,0.318302759149785
GTCCTGGTGCTTGATGGTCGAGG,0.299132100842575
GTGGCTAAACAGGTACTGCTGGG,0.692699498961697
CCCTCTAGGCCGGAAGGTGGTGG,0.288536364165459
GTGGTGGTCGTACGCTGTGAAGG,0.232091097707779
ACCTGGCTTTCCTCCGCAAGCGG,0.230609091438186
TGGTGTTCATCCGCTTGCGGAGG,0.321718307739127
ATGAACACCAACCCTTCCCGAGG,0.300324702723453
GTCCGCCAGAAGATGCGGCTGGG,0.376397179212481
GCACGGTCCGCCAGAAGATGCGG,0.322802320278312
GGGCGCCTGGCTCACGAGGTTGG,0.417230658836305
CGAGGTTGGCTGGAAGTACCAGG,0.383466395513421
CCAGGCAGTGACAGCCACCCTGG,0.441113166673296
CAGCCACCCTGGAGGAGAAGAGG,0.251787147864519
CTCTTTCCTCTTCTCCTCCAGGG,0.33805887200245
AGAAAGCCAAGATCCACTACCGG,0.262583762284581
GAAACAGGCCGAGAAGAACGTGG,0.342270157268907
ACAGAGGTCCTCAAGACCCACGG,0.166412853193672
CCAGGAGTCCGTGGGTCTTGAGG,0.179597304604331
GGCTCAGACCAGGAGTCCGTGGG,0.25807742999618
CAAAGGAGACATAGGCCACCCGG,0.197421129055741
ATGGACCTTGCACTCAAGTGAGG,0.251259248177998
GTGAGCTGCATGCACTTGAAAGG,0.25060545507455
TCATCCTCAAGTTTCCGCACAGG,0.237536238773609
TGTCCGACAAGCCTGGCAGAAGG,0.357174357895866
AATCTTCTTGGCCCATCGTGTGG,0.21397598798991
GAAGATTGAAGCCAGAGAAAGGG,0.161052100842575
GGGTGCATACAAGTACATCCAGG,0.235697868867653
ATGTCATGCGCTTTCTTCTGAGG,0.229642571062011
TTCTTCTGAGGGTCCGCTGCTGG,0.340502132190537
TGTGGAGAGCAGAGAGCTGGCGG,0.433738621218751
GCTTGGCCTTGTAGCCCAGTCGG,0.217108527174863
TATAGGATTCGTGTTCGCCGTGG,0.266111411187403
AAGTTGCACCCTTAGGAACTGGG,0.267870533444456
TTAGCTGGTTAACACCATGATGG,0.28585335476107
AAGCCTTCAGTCCGTTGCAGAGG,0.242130094572982
GAGCGAGCTGGACGCCACTGTGG,0.366038056955428
GTCCTGAATTCTTACTGGGTTGG,0.185233292065146
CTTTATGGAATGGATCAATGAGG,0.298700502096493
GAAGAAATCCTGACACCCAGTGG,0.323596803036932
TCTGCAGGCCGAAAGAGCCGTGG,0.347138370435051
AAAGAGCCGTGGCCTTGGAAAGG,0.261076928428782
GAGAGCCACCAATAGTGTGGTGG,0.609940627488343
TCACTCAGGTGGGAGTGCAGTGG,0.240110658836305
TCACTGCAACCTCTGTCTCCCGG,0.463986144729722
GATTGTTCCTAAACCAGAAGAGG,0.361645204290851
CCGTAAGGATCATCTCAATGTGG,0.313312414322199
AATCCGACCATGAGCTCTGTAGG,0.2476321635385
GAGAATCTACATCTAAACCCTGG,0.416739122786149
TGGAGTTGGCAGGTGTGCGCAGG,0.180129843789283
GAAACTGCTCAGGCCATCAAGGG,0.21342401306828
GAACACTCGTGAAACTGCTCAGG,0.155217618083954
GGTTCGCTATTCACTTGACCCGG,0.172031912754801
GGCCTGATACTCACTTGGTGTGG,0.453967335952293
GGTGTACCGGCATTTCGGCAAGG,0.354016991124707
CCTTCCCTAGGTCCTCGCAAGGG,0.278651850058876
GCAGCCGCATCCTCAGGGCAGGG,0.211268652566713
TCAGGAGGTACCCAAACTGAAGG,0.196514044416243
TGATGATGTGCGGGTTCAGGAGG,0.289035549118437
GACCATAACTGATGATGTGCGGG,0.383779749745396
GGGAAAGGGACAGAGGCGGCCGG,0.289955674510287
ACAACCTCTTCAACACAACCTGG,0.298503009933484
CAACACAACCTGGTTGAATGTGG,0.180415737206211
AACCTGGTTGAATGTGGAGTTGG,0.338453981720318
TCACCTTGACCAACAGCCTCAGG,0.156847586735992
ATAACAAGGACCGAAAGGTTCGG,0.238181003663892
CCTTTCGGTCCTTGTTATGGCGG,0.173685705858249
GCTACGAGAGTACAAGGTAGTGG,0.214058370435052
AAAGATTCGCATGCGGTAGAGGG,0.273634545983641
TAGGCGCAAAGATTCGCATGCGG,0.326019498961697
GGAGATTGTCTACTGTGGGCAGG,0.265318558522826
GGGTGAAGAACTTCGGGATCTGG,0.226545016203077
TCTGGCTGCGCTATGACTCCCGG,0.272372226234425
GTATTCCCGGTACATGTTGTGGG,0.272319687049472
TACCGGGACCTGACCACCGCAGG,0.285786897080819
TGACAGCGCCTGCGGTGGTCAGG,0.178897994259503
CTGGGTGACAGCGCCTGCGGTGG,0.449932978585522
GACAGGCAGCTTACAGCACTGGG,0.188131223099628
GATCTGAATGGAGTGGGCTCGGG,0.246671787362951
CTTCATGATCTGAATGGAGTGGG,0.23044808830339
CATGAAGGTGGAGGAGATCGCGG,0.333251223099628
CTGACGGCGCAGGACCCGGTGGG,0.499078056955428
GTGGCTTGTGCTGACGGCGCAGG,0.292195549118437
GAAGGTGTTGGGCCTCTTGGTGG,0.262374734071415
GCCTCTAGTGTCCTCCGCTGTGG,0.342944389243829
GCTGTGGCAAGAAGAAGGTCTGG,0.261809216830036
GTACTCACGGGAGTTGGCATTGG,0.209951912754801
TCCCAGGTACTCACGGGAGTTGG,0.322198182347277
AAGGGCAGGCACATGGGCATAGG,0.253237931563578
GTATCACAGCCTGTACCTGAAGG,0.266691724667026
GGAACACATCCACAAGCTGAAGG,0.260785768554174
GGCCCGCAGGTCTAAGACCAAGG,0.338350282660757
AGAGCGCCTCCAGGCCAAGAAGG,0.19562940491781
TCTCCTCCTTCTTGGCCTGGAGG,0.194550157268907
TGACGAACACAAAGGGAAAGAGG,0.180830784228155
AACACAAAGGGAAAGAGGAGAGG,0.372358934698374
ATTCGCATATATGTGGCCAAAGG,0.204812351626274
TATATGCGAATCTATAAGAAAGG,0.393616614949158
AAGCCAAAGAGAAAGGTACCTGG,0.35538137983944
CTGGCGCTTTAGTTGAACCCAGG,0.350591160403704
TGTGCTTCTCTGGGTGGAGCAGG,0.298868527174863
ACAAAGTGTGCTTCTCTGGGTGG,0.253602445670161
GCACACTTTGTGAGAACCAATGG,0.231711160403704
CTTTGTGAGAACCAATGGGAAGG,0.34774401306828
CAGCTCAGGCTCCTTCCCATTGG,0.15305348015292
GGAATAGGTTCCAGCAGCTCAGG,0.298697994259503
TCTCTCAGTACATCCAGCAGTGG,0.302180125920945
TGGTGTGGGTGACATGGTGATGG,0.178516301469534
AGACTTCCCGCTGCTGGTGTGGG,0.206775862598061
CTGAACAGACTTCCCGCTGCTGG,0.272553041281446
CAATTGATTACAGCTCCTACCGG,0.231548401783014
GCGTTCAAGATGTCGAAGCGAGG,0.231175235638813
GATGGCGCCGAAAGCGAAGAAGG,0.220254107112168
GCGCCGAAAGCGAAGAAGGAAGG,0.199600564792418
TAAAGCTGAAGCCAAAGCGAAGG,0.430998809306525
GAAGGCTTTAAAGGCCAAGAAGG,0.446230784228155
TCCGCACGTCACCCACCTTCCGG,0.338696740341008
GTCTTCGGCCGCCGGAAGGTGGG,0.240438182347277
GTCGCAGTGTCTTCGGCCGCCGG,0.178829781093359
GGCCGAAGACACTGCGACTCCGG,0.246425768554174
GAGGATATTTGGGCTGTCTCCGG,0.39033611338176
AGTACTGACTTGTTTCTCCTGGG,0.25317611338176
GAAACTTGATGATAGCATAGTGG,0.25920821369524
ATGGCAGACTCAGTGGTCAGCGG,0.194104890811227
CAACACACTTGTGTTCATTGTGG,0.176073793632544
CCGAATCAGGGTGTTGACCTTGG,0.318836301469534
TAGGCCTGATGGAGAGAAGAAGG,0.305464640027528
AAAGCCAAATCTCGCCAAGTAGG,0.155494483287716
AATGGCACAACTGTCCACGTAGG,0.322347273256368
GCGATCCATGCCCATCCGAAAGG,0.293092351626274
TGTCTCAGCTCTTTGGAAAGAGG,0.300190157268907
ATCTTCCTTCGAATGTGGGAAGG,0.20669611338176
TTTGCGATTCTTGCTTCGGTCGG,0.165873166673296
CCACACAGCCATCCAGACTGAGG,0.221778370435052
GTATTCCTGCAGGCAAGCACCGG,0.248302759149785
GCAGACCACCAGCATTACCGCGG,0.414989279525961
CTGGTGGTCTGCATCACCACCGG,0.163689969181133
ATTTGTCGAAGTTGATCCGGTGG,0.235209467613735
TTACCTCTTCCTAGCCACCCAGG,0.497966834384895
CTTTCCCAAAGTAGCCTGGGTGG,0.154343887676431
TGAAGCATTACCACTTAAAGAGG,0.228011599275177
TGACAGTTGGGCAGAAGCTCTGG,0.451273668240694
ATTTGTCAAGGTTGACAGTTGGG,0.19547203814665
GATCGCACCACATCAATGATGGG,0.166885204290851
AATTTGGCCTTCACGATGACAGG,0.321422382974236
GGAGGAGAAGAAAGCATTCATGG,0.272382759149785
CTTTCTTCTCCTCCATGGTCTGG,0.169852853193672
TCTCCTCCATGGTCTGGAAGCGG,0.24648006322502
CCATGGCCGCTTCCAGACCATGG,0.345259749745396
GCCATGGCCAAACTTGGAGGTGG,0.225167085168594
AGGTGGTGTCAATGAACTTAAGG,0.185405078899001
GCTGGTGCAGACGAAGCGGCGGG,0.275036426861384
GCGGGTGCTCACCCTCCGCAAGG,0.199024263851979
TGTGGTGGGAACCAAGAAGCGGG,0.227434922159189
CATAGTGGACAAAGCCACCCTGG,0.234910408052606
TGACAAGAGCATCAACCCTCTGG,0.156708777958563
GTCAGATAGGTCATAGTCAGTGG,0.235882445670161
GTGGCACGCGCTGGGCAGAAAGG,0.167361944102763
TGCTCGTGTAGCCTTCTCTGTGG,0.211875549118437
GACCCACCGAGGCCTGCGCAAGG,0.209239937833171
TGTGAACCAAGTGTTTGGGCAGG,0.343173856328468
ATGGAGATCCAGGTGAACGGAGG,0.453278558522826
GCACTGGGCTCACCTGGGTGTGG,0.153674545983641
CCGTGTCATTGCCCACACCCAGG,0.42217348015292
CAAGTACTGCAAGAAATGGCAGG,0.278126458209346
TTTCTTGCAGTACTTGGTAAAGG,0.179630031877058
AGAGGCGTTTCTATAAGAATTGG,0.246413981720318
TGTGGGCATTGTGGGCTACGTGG,0.35634413846013
TGTAGAGACACCACCCATGGTGG,0.604227900215616
GAACAAGAAGGAGGTGGTGGAGG,0.324384389243829
AGAGGTGAACAAGAAGGAGGTGG,0.167477179212481
TGTCTGTACATACTGGATCCCGG,0.198432414322199
CGTGCGGGAAGTCGACAGGCCGG,0.183042445670161
TGGCATGACTCACATCGTGCGGG,0.183847210560443
TCATGCCAGCCTTGTATCCCAGG,0.391415235638813
GCCTTCCTGGGATACAAGGCTGG,0.183314922159189
TGTATCCCAGGAAGGCTGTGAGG,0.351057618083954
GAAGGTGAAGAGCTTCCCTAAGG,0.430360439400569
TGCCTGCTGCTGCGCTTCCGAGG,0.317793919024393
GAGGGACCCATGTCTGGGAGCGG,0.273887085168594
AGTTCTCCGCTCCCAGACATGGG,0.231955172942888
ATACTACAGAGTGTGCACACTGG,0.161249969181133
ACTGGTGTCCATCACTACAGTGG,0.339852602409973
ACTCTGAAGATGATCAGACAAGG,0.256291097707779
TTCACTGCGCAGCCTGGCATTGG,0.261025893946023
CAAGAACCGCAAAGCCATCGTGG,0.227726834384895
GGAAACATTGTGAGCGATCTCGG,0.259881317143516
ACAAAGCACATGCTGCCCAGTGG,0.384060251312794
GTTGCTTCCATAACCAATGTTGG,0.209435549118437
CAGATCTTGATGCCCAACATTGG,0.296191661971102
CGTAACTGGCGGAAACCCAGAGG,0.28533887200245
ATTTCCTTCAGCGTAACTGGCGG,0.208315799902136
CATATCGGTCTGACTGGTGCCGG,0.182368464478939
AGCGTTTGACATACCGACGTAGG,0.209883323413108
TATTGTAGGAAAGCCTACGTCGG,0.206189906485208
GGTAAACAATTCTATTACCAGGG,0.184523574196807
ACCTTTATACCAAGAAGGTTGGG,0.27285072153223
TCTGCATGTGGTGTGTGCCCAGG,0.434892226234425
AGCACACATGGAACCACCATAGG,0.254264389243829
GTGCTAAATGTGTTCGTGACAGG,0.186945266986776
GTACCCGCTGCGGAAGTACGCGG,0.265812100842575
AGAAGCAGCAGCGGAAGGAGCGG,0.181366959776744
GACCAAGAAGCAGCAGCGGAAGG,0.241886959776744
TCTCCTCGTGCTTGTTGAGCCGG,0.232688589870788
TCACCTTGTAGAATTTCCTGAGG,0.233410345356682
CGCGTCGCCAAAGTGACAGGCGG,0.262189279525961
ACAGCTGGACGACCTGAAGGTGG,0.335887461344142
TCAAGGCTCGAGATCTTCGCGGG,0.304911160403704
GACATGATTCGGGAGGTGTGTGG,0.191987649431917
GCGCGCCATGGAGTTACTGAAGG,0.344687837519691
TGAAGGTCTCCAAGGACAAACGG,0.182351285795553
GGACGCACATCCGCGCCAAGAGG,0.385799310873923
ACATCCGCGCCAAGAGGAAGCGG,0.316757806171729
GGAGGAGCTGAGCAACGTACTGG,0.173529342221885
GCAACGTACTGGCCGCCATGAGG,0.187767837519691
AAAGTGACACAGTACAAGAAGGG,0.295971975450725
GACACAGTACAAGAAGGGCAAGG,0.24653348015292
GACAGGAAGCAGAGTGGCTATGG,0.372700627488343
CTGCAGATCTAAGAGAATGCTGG,0.230027147864519
GGAGGAGATAAGAAGAGAAAGGG,0.227249342221885
CGGAAGCAGAGTGGCTATGGTGG,0.479286834384895
GACACAGTATAAGAAGGGCAAGG,0.170165204290851
GGTAAATACGGGACCCGCTATGG,0.217267774823766
TGGTTCCTGCATGAAGACAGTGG,0.564441442535365
TGCATGAAGACAGTGGCTGGCGG,0.289422382974236
GCCAGCCACTGTCTTCATGCAGG,0.365026520905271
CTAGACTCACTTGTACGTCCAGG,0.331358683914675
CGTGACAGCGGAAGTGGTACTGG,0.435345266986776
ACATTTGGCATCCTTTCGTCGGG,0.270668401783014
CAGTGATGACCAGGGTGTAAAGG,0.170835172942889
GGTAGGTAAGAAAGGAAAGAAGG,0.305838934698374
ATTACCAGGGATGTTTCTGAAGG,0.209105768554174
ATCATCTATAATGAGGATAATGG,0.169423260717183
CCCTGCGCTGGATACGGCGACGG,0.373720564792418
GCCAGCTCTCATTCGCTGAGAGG,0.188288715262638
TGAAGGCTACAAGAAGACCAAGG,0.667975737206212
GTAGTTGAAGATAAAGTTGAAGG,0.270353919024393
TCAACTACCAAAGGAAGTTCAGG,0.227175110246964
CCTTTAGACATGACCAGTGCTGG,0.377310784228155
AGACATGACCAGTGCTGGTAGGG,0.190526332817497
GACCAGTGCTGGTAGGGCTGAGG,0.397713919024393
GGCAGCCAGGGCAGAACAGATGG,0.572781881406838
ATACGCCATCTGTTCTGCCCTGG,0.389812727801823
TGTTCACTCTACGATGCCAACGG,0.407827147864519
GGTGGTGGGACTCACCGCTCTGG,0.427272539714048
AGTCCCACCACCTCGAACTCTGG,0.160350909620005
CGAATTCCCAGAGTTCGAGGTGG,0.407278307739127
TATGCTGTCAGTGAATTAGCAGG,0.201688966046337
ATAGGAGCCTTGAATACAGCAGG,0.302548150999315
TCGGAGTACACCGATATCAGTGG,0.321059122786149
GTGTGCTCGCCCACTGATATCGG,0.169699875137246
CACTTGGTATCTCTTAAAGTAGG,0.224397806171729
GTGAAATTTAGAAGACGACGAGG,0.182065643162324
GATTGCTTATGCCCGTATAGAGG,0.205142257582387
GACTGGTGATGAATACAATGTGG,0.26848808830339
AAATAGCAGGTGAAGGCACCTGG,0.170164201156055
TGCATCCAAATAGCAGGTGAAGG,0.255460125920945
GGCCTTGCCAGAACTACCACTGG,0.246680815576117
TCCATCCACAGCTCCCTTCAGGG,0.446745768554174
TGCTTTCAGAATCATAACCAGGG,0.263222759149785
GAACAGCGTAACTCCAGACATGG,0.215054483287716
TCAGAGCAAACACAGATCGCAGG,0.225980125920945
ACACAGATCGCAGGTAGCCCTGG,0.209414232504017
CGCAGGTAGCCCTGGAGCTGAGG,0.158721944102763
CAAGATTGATCAGAAAGCTGTGG,0.274123950372356
CGGAAGCCCAGACACCAGGAAGG,0.315748150999315
ACTTCAAGAAGAAGAAGCTGCGG,0.185771724667026
GGAACTCGATTGAGGACCAGAGG,0.170646458209346
AGTGGCTTATTACTTGTGACTGG,0.217095110246964
CAAGAACGGCGGTACCCGGGTGG,0.17192018861687
GTTGGTGGTGACAAGAACGGCGG,0.182087586735992
GTACTCAGCCGCTAAATCCAAGG,0.211566332817497
ACCTGCCAATTCCTCTGACAAGG,0.156241567927215
CCTGTCCTTGTCAGAGGAATTGG,0.23477623877361
GGACAGGGTTGCGGCTGCAATGG,0.398023887676431
GAAGGTTGATGCTGGTGGCAAGG,0.200064263851979
GCCAAGAAGGTTGATGCTGGTGG,0.199750533444456
GAAGAAACCCGAAGCCAAGAAGG,0.265430031877058
TGGAGATGCTGGCAACAGGGAGG,0.332829655701509
TTTGTAGAAGGTGGAGATGCTGG,0.224386395513421
AAATTGTCTTCTCCACGAGGTGG,0.30011730460433
AAGACAATTTGAAGGGCCACAGG,0.243237680779879
AAGAGGCAAATAACTTCCTGTGG,0.351643574196807
ATACGGCATCATCTGCATGGAGG,0.262772602409973
TGTAGAGCCATATATTGCATGGG,0.167921818710914
AGCCTTGTTGAGCTTCACAAAGG,0.221579248177998
TTCCATTGAAGATTTGACGAAGG,0.15775742999618
CGTTTGTCATCAGAATCAGAGGG,0.21907467137549
GTACAGAACTGAAATTCGAATGG,0.185117179212481
TTTCCGGCTGGAACCATGGAGGG,0.3165521635385
TGCCCAGCCGAAAGGAAAGAAGG,0.321409843789283
GCCGAAAGGAAAGAAGGCCAAGG,0.23389348015292
GAAGCAGGAGGCTAAGAAAGTGG,0.229024640027528
AGAGAGCCATCCTCTATAAGCGG,0.195084201156055
GTGAACTGGTTAATCGCAGGAGG,0.307839185482073
TGCGATTAACCAGTTCACCCAGG,0.437878558522826
TGTCTCTGGTCTGTACTTGTGGG,0.280349028742262
AGAGAAGAAGCAGAGACTGTTGG,0.245997053820631
CGGGCCGAGAAGAAGGCTGCTGG,0.17034413846013
GTTCTCCACCAAGGTGGTGACGG,0.337058621218751
TTTCTTGTTCTCCACCAAGGTGG,0.21895203814665
GGAGAACAAGAAAGCTCAGCTGG,0.196919937833171
GGTGGTGATTGCACACGACGTGG,0.528659624353547
CAGGCAAGAAGACAACCAGCTGG,0.229091348491478
TTACTGCATTATCAAGGGAAAGG,0.391414734071415
CAGTGGTGCAGGTCTTCCTGTGG,0.259888966046337
CACCTGTGTGAAGGCGACAGTGG,0.275433793632544
TTACGAGTTCACCTGTGTGAAGG,0.221238307739127
TAGGGAAGACAAAGGCGCTTTGG,0.204959060090224
CCCGGAGACGTCCAGTCCGGCGG,0.219377868867653
GGCATCTCTGCGGATGGTGGAGG,0.336349279525961
GAACTGCTGGCCACGAGTACGGG,0.351968840654487
ATAAGGCAAAGAGGAACTGCTGG,0.456120940967967
GACAAACCCATCTTGAAGGCTGG,0.268310282660757
ACAGGTGTGGTGGCTGGAGGTGG,0.272907900215616
AACCACAGCTCTGTTGGCTGAGG,0.258742633757936
GGAGATAACCTTCTTGGAGCCGG,0.252366708993045
GCAAGCTGGCCCGGGCATCAGGG,0.276870031877058
ATGCCCGGGCCAGCTTGCCACGG,0.277539624353547
GAGGAGAAGCCTGGAGACCGTGG,0.303549279525961
TACAATCGTGTGCTGCCTGGAGG,0.281355298334738
CAGCACACGATTGTACCCTCAGG,0.394847461344142
ATTGGCAATGTGCTCCCTGTGGG,0.347619875137246
CTTGCAGCCCAGCTCAACATTGG,0.251528339087089
CTGGCCCGTGTGAATGCCCTCGG,0.252789906485208
GCCCGTGTGAATGCCCTCGGCGG,0.479863260717183
GAGCTGTTCATTGCCGCCGAGGG,0.240713919024393
CGGATCCCGGAAGACCACCTTGG,0.162696865732857
CAGGACATCATCCACGACCCGGG,0.248072790497747
CTACATCAAGGGCATCGTCAAGG,0.185807210560443
GAGCGGCACGGCTACATCAAGGG,0.439530219964832
GTGGATTTCGCTGAGCGGCACGG,0.190584389243829
GCGCCGTGGATTTCGCTGAGCGG,0.269950533444456
GCGCACGTGAAGCACCGTAAAGG,0.361279060090224
GTGCGCGCGGAACACAGACCCGG,0.214567210560443
CGTGGACAGAGGAAGGGCGCCGG,0.22787742999618
GTGATCCGTGGACAGAGGAAGGG,0.221390408052606
TCCACGGATCACACGGCCCATGG,0.294787022472669
AAAGATGAATTAATCCTTGAAGG,0.219688715262638
CGCAGGGTTCGGATGAGACCAGG,0.271092351626274
CAACAAGAGACCCATTCTCCTGG,0.332590282660757
ACACAGACCTCATCTTGTAACGG,0.193587900215616
AGGGCTTCCGTTACAAGATGAGG,0.344046332817497
CATGATCAAGGGTGTTACACTGG,0.385411975450725
CATGTACAGAACATGATCAAGGG,0.314549154134111
ATGACTACAAATAGTCCGAACGG,0.316205204290851
GAAAGGAACTGGCTACCGTTCGG,0.335910533444456
GCTCCGGGTTGACAAATGGTGGG,0.541864640027528
TGTGATTGAAGTCCCTCCGCAGG,0.266603574196807
CTAGTCGACATTACTCTGAAGGG,0.371513668240694
TGCTTTCTCTTACAGAGAGGCGG,0.159566834384895
TGGTGCCGACAAGAAAGCCGAGG,0.361727210560443
TGGCACAGCACTCCGTCTGTAGG,0.290099122786149
GACCTGCGAGACTCACAAGAGGG,0.152991411187403
GTAGCCGTCCAGAGACTGGCAGG,0.165676301469534
TCTCTGGACGGCTACGGCGTAGG,0.37818940491781
AGGGTGGCAGGCACAATCTCCGG,0.282116176077685
GAAGGTAATCACGGAGATACTGG,0.165483072629409
GAGATACTGGATACCCTCATTGG,0.184004075764205
ACTGGATACCCTCATTGGTAAGG,0.27095755538803
TACTGGTACCTTACCAATGAGGG,0.28461084692408
GTACCAGTAGAAATGTCTCCAGG,0.324951411187403
CAAGTCCCGAGGCTACGTGAAGG,0.326183636892732
TTACAGTCTCTCAAGTCCCGAGG,0.195611850058876
GGCCTTCATGACATGAAGGTTGG,0.340501003663892
GCTCCGGGTGCTTAGGCATGTGG,0.171768966046337
GGGAGTCATGGTGGCCAAGAAGG,0.406110533444456
GGAGTTCATAAATGGCAATCCGG,0.29466137983944
CCTGCTGGGAGAAACTGGCAAGG,0.165284702723453
CTGGCAAGGAGAAGCTCCCGCGG,0.317364702723453
GTACTACAAGAACATCGGTCTGG,0.178136489557309
TCTGGGCTTCAAGACACCCAAGG,0.423647837519691
AATGGACACATTACCAGTGAAGG,0.316336364165459
TGTAGTGCAGATAGTCTCGGCGG,0.349708025607465
TCTTGTGGCGCTTCTCGAAGCGG,0.219854232504017
CACTGCGCTCACCTGAAGCAGGG,0.197939122786149
GCACTGTCTTGCTCAGAGGCCGG,0.159818119651352
CAACGTGCTCAAGGTCACCAAGG,0.31902940491781
CTCAAGGTCACCAAGGCTGCCGG,0.267722571062011
CTGGAACTGCTTCTTGGTGCCGG,0.311297868867653
TGCTAGGCCATCGTGGATGAGGG,0.440318433130976
ATCCACGATGGCCTAGCACGTGG,0.275738119651352
CAAGCACACAAAGATGGGCTTGG,0.275052100842575
GGATGCAAGCACACAAAGATGGG,0.263595172942888
TATGTATGTCAAGTTGGTGGAGG,0.291660251312794
AAGAAACTAGGAGAATGGGTAGG,0.298948652566713
GGACTATGGCAAGGAGTCTCAGG,0.170846708993045
ATCATCTACAGCCTCTGCCCTGG,0.205681944102763
GCATCTTGAGAGGAACAGAAAGG,0.209027398648218
CTGTTCGAAAGCATCTTGAGAGG,0.154776489557309
GTTGACATCTGACGACGTGAAGG,0.421369593005584
CAGGAAGGGCCTGTCCCAGTCGG,0.181923448804958
TGGGTCGCATGCATGCTCCCGGG,0.361573605544769
GGTATGAAGATCGGGCGGATTGG,0.182686207425647
GGATGTGGCCCAGAGGTGCAAGG,0.162169342221885
GCAGCCAACATAGCAGCATATGG,0.248187398648218
GACTGGTGGGATGAAGGTAAAGG,0.336908401783014
CCGTGTGACTGGTGGGATGAAGG,0.267528464478939
CCATCTGCCGTGTGACTGGTGGG,0.263518056955428
TGCCAGAAAGATCAGTGACATGG,0.168139122786149
CATTGAAGGATGCAAAGATATGG,0.170178621218751
CTCGGACCTCAGGTGGCTGAAGG,0.311706395513421
CATCAGCCTCGGACCTCAGGTGG,0.23151467137549
GCGGTAGGTGAACTTGCGGAAGG,0.313828903350412
GTCGAGGTCCACGCCGCGGTAGG,0.388752790497747
ACAGTGCGCGCCAGCGGCGGCGG,0.418138621218751
GGCGCCGCCCATGGAGAAGCCGG,0.252959561657622
AGTGGTGAAGACGCACCTGCGGG,0.361236928428782
GTAGGATGATCATGTCCCGCAGG,0.389940125920945
CATGATCATCCTACCCGAGATGG,0.409500878272042
TGCTGCCCACCATCTCGGGTAGG,0.280024389243829
AGCATGGTGGGCGTCTACAACGG,0.163114545983641
CAACGGCAAGACCTTCAACCAGG,0.311949154134111
TGGAGAACTCGCCCAGGTAGTGG,0.157435298334738
AGGTGATGGAGAACTCGCCCAGG,0.383751536579252
ATGGTCCATGATGCCAGCTGAGG,0.418743762284581
ATTGTACTGACAACCTCAGCTGG,0.245052351626274
TGACGTGCAACTCAAAGACCTGG,0.229180627488343
TTGTTGTGAACCTCACAGGCAGG,0.307497743475804
CTCACTGTGATGATGAAGCATGG,0.292468903350412
TCATCATCACAGTGAGAAACCGG,0.266964702723453
GAGAAACCGGACGATGACTTTGG,0.389871411187403
CGTGCTCCAAAGTCATCGTCCGG,0.193435549118437
AGCACGGCCTAATAAGCACCTGG,0.280261003663892
AATGGTGCGCATGAATGTCCTGG,0.343208715262638
GTCACGATGGGCTTATCGGTAGG,0.497418621218751
GGTCAGCTACCAGCAGGGTCCGG,0.229998433130976
GGGTCCGGTCATACTGGATGAGG,0.332365831250099
GTAATAGGCCACCAGGGCTTTGG,0.179465392378625
TCAGTCCATCTCCAAAGCCCTGG,0.323750658836305
TGCGCGGCTCAATCATCTCCAGG,0.289747649431917
GTCTCATCAAGGTGAACGGGCGG,0.285759937833171
ACGCGGCAATGGTCTCATCAAGG,0.16545623877361
GCTGTGGCGCACTGCAAACGCGG,0.365470031877058
ACAGAAGACAGCGACAGCTGTGG,0.177358307739127
CAGCGGGCCCTTGGACGGCATGG,0.162657618083954
TTGAAATTCATCCCAACTGTAGG,0.187880564792418
AGGTCACTCAGCCTACAGTTGGG,0.256964702723453
TGGACAGACTGCCGAAGTCCTGG,0.205424263851979
TTCAATAATCTCCTGATCCAAGG,0.181151661971102
GTAGGTCTCAGCCTTGGATCAGG,0.223007461344142
GAGAGACAATTATGTTCCTGAGG,0.23569084692408
CTGATGAAGCGAATTCAGAGAGG,0.220697492692105
TCGTGTGGAAGTCGTTGCCCAGG,0.380453605544769
GTACTCAACACCAACATCGATGG,0.17810677168897
CTTAATGGCAGTGATGGCAAAGG,0.18903479676734
ACTTACCTTAATGGCAGTGATGG,0.200311160403704
GGGCCGAAGATATGCTCATGTGG,0.570335110246964
CAGACATTGACCTCACCAAGAGG,0.436930345356682
ATTGACCTCACCAAGAGGGCGGG,0.216218245043202
GTTCTCCCGCCCTCTTGGTGAGG,0.177043824980506
GGGAGAACTCACTGAGGATGAGG,0.337153919024393
TGGTGATCACACGTTCCACCTGG,0.228551661971102
ACCAGTCTGGGATCTTGTACTGG,0.184849091438186
GTCTGTTCAAGAACCAGTCTGGG,0.253258370435051
CTGGTTCTTGAACAGACAGAAGG,0.251770094572982
TGAATCCAGGTCCTAGCCAATGG,0.523116301469534
GAGCTTGTTGTCCAGACCATTGG,0.17141072153223
CAACAAGCTCCGTGAAGACCTGG,0.291372602409973
TCAGTCGCTCCAGGTCTTCACGG,0.214938370435052
TGTGCTGGCCTCGGACACGAAGG,0.509712915889597
ACCAAGACCACTGGCCGCCGTGG,0.184972978585522
GGTGCGGCCACGGCGGCCAGTGG,0.232499248177998
CCAGCTGTGGCTACAACATAGGG,0.227121944102763
GCGGACTCAGGCTCCAGCTGTGG,0.504654984855114
ACACCAGAGTCTCCGTGCAGCGG,0.258674295199942
CTCTGGTGTGGGTCTTGACGAGG,0.46058953030966
GTGGTCAGTGAACTCCTGATAGG,0.165785141594926
TGAATACAGTCTCCTTCCAGAGG,0.437524577331603
ACAGTCTCCTTCCAGAGGTCGGG,0.222125078899001
GTAGCTGTAGGTCTTAGAAATGG,0.42389611338176
TGACTGCTACACCTCAGCCCGGG,0.535291599275177
ACGCCTCATCCCTGCACCCAGGG,0.240253730936619
GTACCAGCACAGAGCCGCAGCGG,0.295549655701509
CTACCTTGCAAGGGACAGTGTGG,0.253709154134111
GGAGAGCTTGGCCAGGATGATGG,0.375924953507152
TGTTAAGTGCTCCAAGGAGGTGG,0.225079937833171
TCTGGGTGTTAAGTGCTCCAAGG,0.443987900215616
ACTTAACACCCAGACCGACGTGG,0.237447837519691
TACAATGGCCACGTCGGTCTGGG,0.272567085168594
ACAGCCGGGTACCTTGAACCTGG,0.468762571062011
GTGCAGAAGCAGACCCGTGCCGG,0.431497367300255
CATGAAGATCAAGTCCCTGGAGG,0.462638433130976
CAAGTTGGGCCGCTTGGTCAAGG,0.258270533444456
CCTTGCCTCCGCGAGCTCCGCGG,0.413517680779879
AGGTTTCGGCAGTGGCATCCGGG,0.166619498961697
TGCCACTGCCGAAACCTCCGCGG,0.357361066359816
GGCCCTGGTGGCCCTGGGATGGG,0.259625016203077
GCAGAACCCATGGATACAGAGGG,0.337611348491478
ATCTACAGATGCAGAACCCATGG,0.20601335476107
GTTGACTTAAGCATCTGCAATGG,0.222511787362951
GTGACTTCCACCTCAACTCCTGG,0.213984263851979
TATTGAGCCAGGAGTTGAGGTGG,0.242658370435052
TGGTGAAGGTTCTAAGACGTGGG,0.516468903350412
GTCTTAGAACCTTCACCACAAGG,0.179982257582387
CCGATTTACTTTACCTTGGTAGG,0.265678809306525
GTGTGTGCTGACTTGATAAGAGG,0.241221254447591
AACACCCGTGGAGCCGGAGGTGG,0.194281944102763
CTGTGCCCGATGCGTGCCCAAGG,0.214372477018124
TAGTGGAGGCCGCAGCAGTCAGG,0.399677680779879
AGAAATGTCCCTGACTGCTGCGG,0.250384514635678
TCTGAAGCGAGCGTCTTCGATGG,0.293713041281446
ATACAGCTTGGGAAGCACATAGG,0.236952539714048
TGTAGCTTCACATACAGCTTGGG,0.325419749745396
AAGAACTCAGCTCCTTACATGGG,0.287959937833171
CCTTCATCCCTCTCCAGAAGAGG,0.44605887200245
GAAACACAAGAAGAAACGCCTGG,0.22621598798991
GCATTTCACATCCATGAAGTAGG,0.271399561657622
TTCATGGATGTGAAATGCCCAGG,0.469321944102763
TTGTGCATGGCTAAAGACCGTGG,0.4862853296827
TGTAGGCTGGCAGAGGACAGTGG,0.277651599275177
GTCCTCTGCCAGCCTACAGGAGG,0.482015862598061
TTAGTGCTGCTTCCTCCTGAAGG,0.301212727801823
AAAGGCCAAGATCCAGGATAAGG,0.281161818710914
GCTGGCAAGCAGCTGGAAGATGG,0.382401317143515
GTGCTTATTCTTCTTGGGAGTGG,0.389267273256368
GAATAAGCACAAGAGAAAGAAGG,0.282606708993045
CAGAAGGGCACTCTCGACGAAGG,0.278481944102763
GAGTGCCCTTCTGATGAATGTGG,0.388910282660757
CAGCACCACATTCATCAGAAGGG,0.277213103977371
CACTTTGACAGACATTATTGTGG,0.377661129055741
CGTCAGTACGCGAAGGATATCGG,0.172981881406838
GTGTTTCCGTCAGTACGCGAAGG,0.440878809306525
CGTACTGACGGAAACACTGGCGG,0.614407461344142
AACACTGGCGGCACATATTGAGG,0.326819875137246
GGTGGCTCCAGTACAGCTGCTGG,0.329733229369221
TGGGTCACCAGCAGCTGTACTGG,0.293517179212481
ACTCGGGAGCTGGCTGAAGATGG,0.286949154134111
AGGTGCGAGTTACACCAACCAGG,0.219402320278312
ATGTTCTTGGTGAGAAGGGCCGG,0.176539498961697
CAGTCAGTTCCCGAATCCGCCGG,0.46497623877361
TGACTGCTGTAGTTCAGAAGAGG,0.537315047551039
GCTGTAGTTCAGAAGAGGTTTGG,0.227223762284581
GAAGAGGTTTGGCTTTCCAGAGG,0.32232018861687
AATGGCACACAGACCTCTAGTGG,0.263061881406838
AGGTCTGTGTGCCATTGCCCAGG,0.405330094572982
CAGAGACTCTGCCTGGGCAATGG,0.372358307739127
GTAACGCAGAGACTCTGCCTGGG,0.156457367300255
TCTCTGCGTTACAAACTCCTAGG,0.245142382974236
TCCTAGGAGGGCTTGCTGTGCGG,0.18351755538803
GGGCCTGCTATGGTGTGCTGCGG,0.327367335952293
GTGGTGTCTGGGAAACTCCGAGG,0.295714295199942
GATGGCCTGATGATCCACAGCGG,0.409162194886462
AGTTAACAGGGTCTCCGCTGTGG,0.180337994259503
TGTCAACGTAGTAGTTAACAGGG,0.276555799902136
AGGTGAAGATCATGCTGCCCTGG,0.198796803036932
ATCTTACCAGTTGGGTCCCAGGG,0.184477680779879
CTGACCAGCACCATGGCGGTTGG,0.26628269645386
CTTGTTCTTGCCAACCGCCATGG,0.277269154134111
AAGAACAAGCGCCTTACGAAAGG,0.189865141594926
ACGCTCGTCACCAGGACCCAAGG,0.219988777958562
AACTGCCTGACTAACTTCCATGG,0.275813730936619
CCTGACTAACTTCCATGGCATGG,0.342811223099628
CACGGGTAAGATCCATGCCATGG,0.351443448804957
GTTGATGTCAAGACTACCGATGG,0.387003198021258
CAGACGAAGCAAGTAACCATCGG,0.176419624353547
TCATCTTCTTCCGGATTTGGCGG,0.19832808830339
GATGGAAATCATGACCCGAGAGG,0.361921693319064
GACAAATGACTTGAAAGAAGTGG,0.244658370435051
CTCTCTCTTCAGCAATGGTGAGG,0.398894232504017
GTTCACGTGAAAGATGCCAATGG,0.430646959776744
GTGTGATCACCAACAGAGAGAGG,0.362804075764205
GTGACTGGAGGTGCTAACCTAGG,0.228558683914675
GGTAACCTGTGTATGGTGACTGG,0.263932351626274
GATTTCATCAAGTTCGACACTGG,0.2081653296827
GCATCATGAGTCACCAGATGAGG,0.376541129055741
ATGTACAGCAAAGCGACCCTTGG,0.388127085168594
CGTCTGATCTATGACACCAAGGG,0.363049969181133
GTCATCAGCATTGACAAGACGGG,0.467963699588657
ACCCATGAATCCAGCAGGGTAGG,0.281627147864519
TAAAGAAGATTTGCATGCAGCGG,0.209859373569848
GGAGACACTCTCTCAACTTGTGG,0.242941630623139
CAGGCTCCTCGTCCATCCACCGG,0.230400940967967
TAAGATACTTACAAACACACCGG,0.246185266986776
GGGTGGCAGCTCCAAAGCATTGG,0.388501630623139
CAAGAAGCATCTGAAGCGGGTGG,0.28397072153223
CCTGTCCCAGGATGACCGAGTGG,0.356270008818686
GGAGACAGCAGCACCAGCGGTGG,0.281706144729722
ACATCAAGCTCTTTGGGAAGTGG,0.168170596140381
GATCAATGACATTTCCCTGCAGG,0.242893730936619
GCATACCGCCCTGCACTGTGAGG,0.342756677645083
GCATCATCATGGAGTTAGTGAGG,0.160024640027528
GAGCAGGTGTATGATCTCGAAGG,0.235765831250098
CATACACCTGCTCACAGGCGAGG,0.191927085168594
CGTTCACCAGGACCTGCAGAGGG,0.334168339087089
AATGCGTGTGGAGTCCTCCCGGG,0.155254107112168
CGCCGGGACTGTGAGACGACAGG,0.199808464478939
GACTGTGAGACGACAGGCTGTGG,0.17798953030966
GCCATCTGGCTGCTGTGCACAGG,0.249345016203077
GCTGTGCACAGGCGCTCGTGAGG,0.275630408052606
AATGGTCTTAATGTTCCGGAAGG,0.263455361030663
ATCTGCCAGGCACTCAGCAATGG,0.313631661971102
GAAGGACGAGCTGGAGCGTGTGG,0.294816489557309
AGGGCTTTCTTACAACATACTGG,0.199876426861384
ACTGTAGTATCAGTCAGTCCAGG,0.165866520905271
TAAGGAGAGAAGGATATTCCTGG,0.261138245043202
TGTTACAGACCAAGGAGAACTGG,0.483194420591791
GGCATTCCTGTTACAGACCAAGG,0.316339498961697
GTCCGCCTGCTACTGAGTAAGGG,0.250443574196807
AAGCAGGGTGTCTTGACCCATGG,0.232105392378625
AGTGGTGGGAACGACAAACAAGG,0.211249467613735
ATGTGGTCCGAATCAGTGGTGGG,0.408604828115302
GAAGTTGCTGCTGACGCTCTGGG,0.216143386109033
AGCGTCAGCAGCAACTTCTGTGG,0.342817367300255
AATGAGTTTCTGGCAGCCAGTGG,0.322633041281446
GTTTCTGGCAGCCAGTGGCTGGG,0.178215235638813
AACATCTCCTTCCCAGCCACTGG,0.331380251312794
GTTCGAGTCCGGCATCTCCCAGG,0.342603950372356
GGAGATGAACTCGGACCTCAAGG,0.21984796291154
CGGACCTCAAGGCTCAGCTCAGG,0.484468276391164
GCTGAATATTACGGCAGCTAAGG,0.224094107112167
GCATGTCGTCTTTATCGCTCAGG,0.17786401306828
GAAGACCAAGTCCTCAAGGATGG,0.231374859463265
GGTCTTCCCAAGCGAAATTGTGG,0.1541253296827
CAAAGCACAGCAGAACAATGTGG,0.164617994259503
GCAGAACAATGTGGAACACAAGG,0.223240439400569
TGGTGTCTATAAGAAGCTCACGG,0.177380251312794
ACTCATACTTCCGCTTCTTGTGG,0.176933981720318
GCGCCCAGCTGCCAACACCAAGG,0.259828652566713
GCTCGCACCCACCTTGGTGTTGG,0.355825266986776
ACGGACTGTGTGGATGCGGCGGG,0.427054859463265
ACAAGAAATACCGTGCCCTGAGG,0.347382382974236
GCTGGTTCGTACCAAGACCCTGG,0.279449593005584
CACGATGCAATTCTTCACCAGGG,0.292161191751666
ACAGCACACCGTACCGACAGTGG,0.413150658836305
AGTGGGACTCGTACCACTGTCGG,0.348461003663892
CCAGCTTGGCTCCCTTCTTGCGG,0.168809969181133
GGAAGTAACACGCACCAGCTTGG,0.223934483287716
CCTGGAGGAGCAGTTCCAGCAGG,0.174175862598061
GCTTCAAGGCCGGGACAGTGTGG,0.430544389243829
TCTGCTCGGCCACACTGTCCCGG,0.368648966046337
TGTGCTAGAGGGCAAAGAGTTGG,0.225209467613735
AAGCGGAGCCAACATGCCAGTGG,0.252417241908406
GAGCCAACATGCCAGTGGCCCGG,0.153362194886462
CAAACCCAGCTCCGGGCCACTGG,0.205511912754801
TTTGCGACAAACCCAGCTCCGGG,0.276407085168594
ATTTCTCGAAGGGTCTCCGCGGG,0.263443072629409
CACCAGGCGAGTATGGGCTCCGG,0.18487203814665
TGGGCTCCGGAACAAACGTGAGG,0.431795925293986
CTGGAGGGTCAAATTTACCCTGG,0.282313793632544
TACCCTGGCCAAGATCCGCAAGG,0.165905392378625
AAGCGTCAGCAGTTCCCGGGCGG,0.282955172942888
CGCTTGATGAGAAGGACCCACGG,0.288248464478939
GACCCACGGCGTCTGTTCGAAGG,0.266030658836305
CACCTTCGAACAGACGCCGTGGG,0.181416991124707
TCCCAGGCAACGCCCTGCTGCGG,0.283681818710914
CTGCGGCGGCTGGTCCGCATTGG,0.18383467137549
GGATGAGGGCAAGATGAAGCTGG,0.233947273256368
GATGAAGCTGGATTACATCCTGG,0.170680564792418
GCTTGAAGACCTGGGTCTGCAGG,0.163966959776744
CAAGCCCAGCTTGAAGACCTGGG,0.167003824980506
CAGCACGCGAGCGTGGTGGATGG,0.191480314008719
GGCGGATCAGCACGCGAGCGTGG,0.233911661971102
GGTGGTACCTGATATGGCGCTGG,0.212185141594926
CCAGGCGGACAATGAAGGACGGG,0.227290219964832
GGAATCCAGGCGGACAATGAAGG,0.432860502096494
TGGCATTCTTCCTCTTCACGCGG,0.224294859463265
CTCGGCAGAAGCGAGACTTTGGG,0.180487482136522
GTGGATGAGTTTCCGCTTTGTGG,0.082464389243829
GTTTCCGCTTTGTGGCCACATGG,0.0300380569554277
ATGGCTTCCATATCCGGGTGCGG,0.193022278374766
TTGATGCGGATGACGTGGAAGGG,0.0603935428488447
AGGACAACATCTTGTTGATGCGG,0.0475838876764309
AGGCACCTCGCATGCCTGTTTGG,0.111744660819907
ATGCTCCTTGTTCTGCAGCTTGG,0.2501866670895
AGGGCCAAGTTCAAGTTTCCTGG,0.263071181196083
CTACATACCTTCTGGCGGCCAGG,0.317942779942164
AAATTCATCAGCATTGAACTTGG,0.0380641384601299
TTGTCCAGAGGGCCACGATTGGG,0.083835047551039
GGACAGGAAGTAGAATTTATTGG,0.145343532293261
ATACAAAGACATAGGTGGACAGG,0.0351341071121676
TGTAGATACAAAGACATAGGTGG,0.132085601258779
CTTTGTATCTACATTCTTGACGG,0.06056545507455
GAACTTCCTCTGGGAACCTTTGG,0.120331620067556
AATGACCCAAAGGTTCCCAGAGG,0.0882302826607569
GTGAAAGGGCAATGACCCAAAGG,0.0559823829742365
TGCCCTTTCACTTCAGAAACAGG,0.160247482136521
ACAACTCAGCCCTGCTCATGAGG,0.157668046399844
CCTCCTCTCTCGAAGGTTCCTGG,0.141809237622415
CGAGAAGCGCTTGTCCTTCTGGG,0.187268171791694
CTGTGACGAGGCTAAGGCCGTGG,0.167294002512697
CTTCATTTGGAACTTGATTGTGG,0.0362141071121676
CTCCTCCCAGGTGTTATGTCTGG,0.177384159252509
TCACCTGGCTGTCAACTTCTTGG,0.105846479001725
CATGGTGCTCTTGATATATAAGG,0.0517258312500986
ATTCAAATGTGCCTTAATATAGG,0.0857936682406942
CTGTCAGATCCTTTGGCATCCGG,0.138136761133387
GGCCAAGGCAGAAGAAATCTTGG,0.0371586839146754
AATCTTGGAGAAGGGTCTAAAGG,0.033357179212481
CGGGAATTTATTTGCCAGGAAGG,0.0419309723159293
GCTCTTACCAGAGAGTTCTCTGG,0.167319206274453
TTCTGTTTCTTTCTGTCTCTTGG,0.178512560506428
CCTTGAGGGCTTTGATGATCAGG,0.14767193354718
CAAGACCATGCCATTCCGGCTGG,0.16111444138417
CTGCCAGTCCTTGTGGAAGTGGG,0.139867544832446
CGCGCCGCTGCCAGTCCTTGTGG,0.127699018186678
TGCGGATCTTACGGGCCGGCTGG,0.0662184958269011
GCGGCGCGCCTTGGCTTGCCGGG,0.0613438876764309
CAGCGCACGATGGGCCGGATGGG,0.0308768030369324
GTGGACTTGTTCCGCCTCCTCGG,0.171550930412384
CCCTGCAGGCCAACGTGCAGCGG,0.107660272105174
CATGACCGGTCCGGTCAGCTGGG,0.109429801885738
AGCCTTCGCTAGTCTCCGTATGG,0.0430352983347381
AGCCAAGGAAGCCGCAGAACAGG,0.0575581823472773
AGGCCATCTCCTGGGCCGCCTGG,0.130685601258779
GGCGGCCATCGTGGCTAAACAGG,0.149337011917086
TGTGAAGGCATCAACATTTCTGG,0.0814319127548008
CAGAGCGGCCTGGCCTCGCTTGG,0.338188171791694
CACCTTGAGACGGTCCAGAGCGG,0.312546040130252
CGCACGACCTTGAGGGCAGCAGG,0.185834692167869
CTGGGACTCACCTTTCTTGTAGG,0.293591431979782
TCCAGCCAACCTCGTGAGCCAGG,0.291173500945299
CTTATTCTTGGCAGAGGCTACGG,0.128299268970377
TTGGCAGAGGCTACGGAAACAGG,0.109764974299531
TTTCTTCTCCACGTTCTTCTCGG,0.110587670224296
GCGCTTCGTGGAGGTTGGCCGGG,0.271798328531506
TAGATGTTATTGATCAGAACAGG,0.117708924142791
AGAAGTATGTCCGACAAGCCTGG,0.0471568030369324
TTCTCTGGCTTCAATCTTCTTGG,0.0811312230996284
TGGGCAGGAACCTTCTGGGCTGG,0.0308426964538604
CTTTCTGGGCAGGAACCTTCTGG,0.0365075240400672
TTTCTGGCCTGTGGCTTTCTGGG,0.241360836368496
AGGCGCTGCTTTCTGGCCTGTGG,0.106505914738402
TTGGAGCAGGCGCTGCTTTCTGG,0.116109425710189
GCACCTGCTCCAAAGGCATCTGG,0.189124723515832
GCTTTCTTGCCAGATGCCTTTGG,0.14279193354718
TTGCCGTAAGTTGCACCCTTAGG,0.0557348594632647
GGCTTCGAGCAAACTTTAGCTGG,0.153878453923355
TTCCTATTCTAGGAGCGAGCTGG,0.0300013171435155
GATTTCTTCTGATAGCTTTATGG,0.165017638876333
TTGGTGATCCACTGGGTGTCAGG,0.129951181196083
CACGCATCTCCCTGTGCTTGTGG,0.115526228218026
GGCCGAAAGAGCCGTGGCCTTGG,0.187056761133387
TGTGGCCCTTTCCAAGGCCACGG,0.195308422575393
GTGGCTCTCGCCGGGCAGCTTGG,0.137660021321475
AGTGAGAGTGAGACTCCATCTGG,0.171975131039343
GAGTCTCACTCTCACTCAGGTGG,0.129475946086365
TCAGTTTCTTCTGGGATATCTGG,0.0676704080526064
TTCTGGGCAACCTCCTCTTCTGG,0.203331243892007
GCAACCTCCTCTTCTGGTTTAGG,0.324302905334014
TCTTAGGTGCTTTGTTCACTTGG,0.0497396243535469
TTTCTTTCAGGCCAAGCAATGGG,0.0306867089930453
CCACCATTGTAACGTCGGAATGG,0.121883720381036
CAATCTTCGTGTTCACTTTAAGG,0.136467419440597
TTTCTAGCATGCAAATCAAGAGG,0.232489363014264
ACGCTCGAACTTCCGGCCCTTGG,0.0334613798394403
GGACAGTGCCACAGCCCTTAGGG,0.136019895929625
GATCCTCACTTTCGACCAGCTGG,0.150254253296396
CTGCCCTGAGGATGCGGCTGCGG,0.0373097810933587
TGCACTGCGCGTGACCAGCCGGG,0.226634190600471
CCGCCAGCTCACCTTCAGTTTGG,0.0690450788990014
AACTGATGATGTGCGGGTTCAGG,0.222937513484484
AACCCGCACATCATCAGTTATGG,0.168551181196083
ATCCGGAAGATGAAGCTTCCTGG,0.218401212544045
GGCCGCCTCTGTCCCTTTCCCGG,0.219868798750942
TGTTTATGAGTCGCACCAACCGG,0.0289140444162428
GAATGTGGAGTTGGTTCTTCTGG,0.0536114738833275
TGGCCAGAAACCTGTATAACTGG,0.151353689033073
TCCCGTCCCTCCAGTTATACAGG,0.114817137308935
CGCCATGAAGGCCTCGGGCACGG,0.185154315992321
CAGACCGAGACATGGGTGCCCGG,0.141526479001725
GTGGGCTCGGGCGCGGTGCCGGG,0.143999707841851
CTCCACCTTCATGATCTGAATGG,0.181624159252509
TCGCGGCCAGCAAGTGCCGCCGG,0.291103281509562
AGCCGGCCGGCGGCACTTGCTGG,0.122308798750942
GAGGCCCAACACCTTCTTCTAGG,0.162911306587932
CCTCCGCTGTGGCAAGAAGAAGG,0.118128109095769
CTTTCCCAGGTCAGCAGATCCGG,0.0342084644789387
ATCCGGAAGCTCATCAAAGATGG,0.243552309722728
AGCCTGTGACGGTCCATTCCCGG,0.1306932501616
AAACACCTTGGCCCGCCGGAAGG,0.223156071478214
CCTGCCCTTCCGGCGGGCCAAGG,0.195898265835581
TGTGACCTTCTCTGGCATTCGGG,0.258222403766616
CTCATCCATGTGACCTTCTCTGG,0.118545413171004
TTACGCCAGGAGCTTCTTGCGGG,0.142109927277587
CCTGACCAGTGACCAGGCTGAGG,0.0581497810933588
GCGGGCCTCAGCCTGGTCACTGG,0.0816943578958666
ACGGCGCTTGCGTGCTTCCTTGG,0.116780272105174
GCGCCGTGAAGAGCGCCTCCAGG,0.0281768657328572
CTTGATGATCTCCTCCTTCTTGG,0.32049600878229
CACGTTTCAGGAAGCTATCTCGG,0.0599433861090328
TGCCAGCATTGGATGCAATCCGG,0.349462403766616
AATGCAGGTTCTGCCATTACAGG,0.178436949221161
CCGGAAGACCCAAGGAAATCCGG,0.166644221948434
ACACCTTCCTTCTTCGCTTTCGG,0.0897995616576221
GCGCTCTTCCGAGGATATTTGGG,0.229198955490754
GATAGCATAGTGGTCAAGCCTGG,0.184075820694515
CTGTTTAATCTGGTGCTTGTTGG,0.167444974299531
TCTTCACAGCCTGTTTAATCTGG,0.18023732539671
TTATTCCTGCATCTTCTCAATGG,0.171632811290127
AGAAACCATTGAGAAGATGCAGG,0.064898245043202
CAAATCTCGCCAAGTAGGAAAGG,0.111952811290127
GAGATTTGGCTTTCCGTTCGAGG,0.161160710976647
GCAAAGTAGTCCAGGTTTACAGG,0.154583156117713
CACTATAAAGGTCAGCAAATTGG,0.113657262700785
CCTGAACTTCATCATCCTTTCGG,0.0290574926921049
GGCCACGTGAGCCACGGCCACGG,0.0415209409679669
TACCTATGCGGCCGTGGCCGTGG,0.236027544832446
CCAGCATTACCGCGGCCGCCGGG,0.299279707841851
ACTATTTGTCGAAGTTGATCCGG,0.19740785831207
CCTAGCCACCCAGGCTACTTTGG,0.15935995862555
CTGTCAACCTTGACAAATTGTGG,0.13276259185439
CTAGGGCTACTACAAAGTTCTGG,0.100040460192948
TCACGATGACAGGCTGCTTTGGG,0.134780146713324
AGCTCTTCTGCTGAAGAATTTGG,0.168442090286992
GAAGCGGCCATGGCCAAACTTGG,0.0821415052312898
GGACCTGCCTCACCTTGCGGAGG,0.153215005647493
GAGGGTGAGCACCCGCTTCTTGG,0.224442717246239
AATGACTTTGTCATGCTGAAAGG,0.146997576180409
TCAGCTTGCCGTCCTTGATAAGG,0.17569600878229
CAGGGCTACCTTATCAAGGACGG,0.0352895930055845
CAGATTTATAAGATTGGCCAGGG,0.259473187465675
TGCGCAAGGTGGCCTGTATTGGG,0.232314065208622
AGGCCACCTTGCGCAGGCCTCGG,0.153107670224296
CTTCTTGGTGTGCCAACGACTGG,0.18334390846881
ATGAGATGATCGACGTCATCGGG,0.143215131039343
GCGGGCCCAGTCCAGCTTCTCGG,0.139079080882603
CCACAGTGCCTCCGTTCACCTGG,0.202928109095769
AAGGCATAAATCTAAGAAGAAGG,0.119093500945299
CTCAGCAAAGACAGTCTTGAAGG,0.201914692167869
GAAGCCGAGGGACCCATGTCTGG,0.120048485271318
CAGACAAGGCAAAGCGAAATTGG,0.116888861446866
CTCACTCACCGTCTTCTTTGCGG,0.139151431979782
CGTGGAAAGAGCTGCCCAACTGG,0.146286479001725
CTCTTTCCACGATGGCTTTGCGG,0.182476322261913
CTTCCAGCTCCTTGACGTTGTGG,0.124391431979782
GCTCCTTGACGTTGTGGACCAGG,0.0754064582093462
ACATGCTGCCCAGTGGCTTCCGG,0.0565210663598165
AACCCTGTTGTCAATGCCTCTGG,0.102449739189813
CTGGTGCCGGATGAACTTCTTGG,0.0659866462971205
TGGTGCTTTCCCAACCTTCTTGG,0.0403413798394403
AAACAAAGAAACATGTCAGCAGG,0.123542278374766
ACGAACACATTTAGCACACATGG,0.12631456677602
GCTGCTGCTTCTTGGTCTTCAGG,0.0509234488049575
CGCATGGCACGTGTCTTCTTAGG,0.228014504080095
CACGTGTCTTCTTAGGCCGCAGG,0.108048485271318
TCTTCTTAGGCCGCAGGTCCAGG,0.216666917873199
AACTGTGAGAACACGGGCAATGG,0.0457851415949262
GAACACGGGCAATGGATTTCCGG,0.0278122262344246
CACTTACATCTTAGAGAGCTTGG,0.130098265835581
GGCCGCACCGCCTGTCACTTTGG,0.0865845146356785
TCACTTTGGCGACGCGCAGCTGG,0.177983406901412
GCTGGGACAGCTCCACCTTCAGG,0.30559180815533
GTGGCCCTTGTTGAGGCCCACGG,0.154321588719594
TCACGTTCTTGGTCACTTTGTGG,0.164582403766616
CCTGGGCTTGCTCACGTTCTTGG,0.166935005647493
CCGCACGAACTTGGTGTGTTTGG,0.135851369283857
TTTGAGGGCCCGTTTGTCCTTGG,0.16526917492649
TCGCACTTCCTCATGGGAGTCGG,0.0639462701215719
ATATACTTCCGTTTGCCTCGCGG,0.1077866670895
GAAAGAAACCGCGAGGCAAACGG,0.199088861446866
CATGCTTGCGTGAGCGCTATCGG,0.175192184330879
CTTGTACTGTGTCACTTTATGGG,0.0402379315635782
CTGTCATAACGCCGCTTTCCTGG,0.16411444138417
TATCCTTACGGCAATTAACTGGG,0.217511306587932
ATCCTCTTGGATCTGCAGTTAGG,0.103705036995456
TTGTGGTCTTAGCCTTCTTCCGG,0.110392936681976
GATCATAGCGCCTCCTTCCCTGG,0.118329989973512
CTTTGTATGCCCAGGGAAGGAGG,0.311082090286992
CCCGACTTTCTTGGTACGTTTGG,0.161868171791694
CCCTCTAGGTTTGGCAGTGAAGG,0.131528359879468
AATTTAAGAGTTTATGCAGCAGG,0.19095720000486
CTCCACTCACATTCCTGGCCTGG,0.271033312857525
ATTCCTGGCCTGGCGAAGAATGG,0.150172623202352
CCTGGCGAAGAATGGTGTTCCGG,0.0344499691811331
CGAAGGGCTCTTTGGATCTCTGG,0.261549551102039
TGTATTAATCATCTTGTGCATGG,0.0336346713754904
TAGATGAATTGTACGGCACTTGG,0.053693981720318
TTTGGACTGAAAGTGCTTTCCGG,0.138920334801098
TCCTCATTATAGATGATGCACGG,0.0401367403410077
ACTTTATCTTCAACTACCAAAGG,0.0859221948864622
TTTGTTAGGTCATCGTATTGAGG,0.0883491541341111
CTGGTAGGGCTGAGGCAGCCAGG,0.198425789346553
TCTACGATGCCAACGGCGCCAGG,0.136030178061286
TCAGACTAGTGCTGAGTCTTGGG,0.0543288406544873
TGAACAAAGTTCACAATATCTGG,0.103402215678841
CACTTTGCCTGCTGTATTCAAGG,0.0297966776450829
TGTTAAAGTTGTTAAGAATAAGG,0.161580648280722
ATATTGTACTGGCCTGCTGCTGG,0.23262917492649
CTGGCCTGCTGCTGGCCCGCAGG,0.0565413798394403
TGGCCTGCTGCTGGCCCGCAGGG,0.0304763014695343
GAAAGCATTGATGGTCAGCCAGG,0.174696510349688
GCATGTAATCTGCAACATTCTGG,0.104997074613011
TGTCGAAGATCTCACCTTCCTGG,0.0414492168300359
GATCTCACCTTCCTGGTGTCTGG,0.105454504080095
AAGTGGCAATGACAAATTTCTGG,0.131000961760346
TTCTGGTGTGTTCTTCGTAGAGG,0.310638579315205
AGCCACTAGCCAGCTGCTTCAGG,0.130297262700785
TCCAGTGAGGATGATCAGAATGG,0.0795968030369325
TTTCTCACGTGCTGACTGAAGGG,0.0996795824500012
TCTTCAGTAGGATAATATCTAGG,0.191185789346553
TTCTAATAAGCCTGTTGATCTGG,0.0295973046043306
GCTTTGATTGCTCGATCTCTTGG,0.210177513484484
TTCATTTACTGACTTCAGATTGG,0.0882015679272146
AGGCTTCGATTAACATGCTGAGG,0.151564723515832
AGTGAGCCCAAAGGTTCGAAAGG,0.118694253296396
TCTGATGACAAACGCCAATTTGG,0.281451745459406
TTTCTTTCTGCCCAGCCGAAAGG,0.13546127523997
CCGCTGCAACCTGATATAGCGGG,0.0679858939460233
TTTCAGCCGCTTATAGAGGATGG,0.415281964895142
TGTTTGGCGGTCCAGGGCCTGGG,0.088792915889597
CCTCACCTGTTTGGCGGTCCAGG,0.246427921007995
AGCTTAAGCAGCTGAGTAGCTGG,0.124836322261913
TTCTTCTCTTGCTTTGTCTCTGG,0.182933626337148
AGAAGCAGAGACTGTTGGCCCGG,0.149149425710189
TTTGCCAGCAGCCTTCTTCTCGG,0.173071431979782
TATCAAGGGAAAGGCAAGACTGG,0.123692372418653
CAAAGGCGCTTTGGCTAAGCTGG,0.116900272105174
CTAAGCTGGTGGAAGCTATCAGG,0.0342311604037036
ATCGTATCTGTCATTGTAATTGG,0.0298493422218854
CTCATTGCTGCCCGCCGGACTGG,0.0726394362657726
AGACCCACTTTGCGGCCAGCAGG,0.214633438249374
TCAAGATGGGTTTGTCAATTCGG,0.0760024456701613
CTCACCAACCACAGCTCTGTTGG,0.155842341070691
GGCTGAGGAGATAACCTTCTTGG,0.0532499691811331
AGCCGGAGGGCAGCTTCACACGG,0.0649794989616973
CAGCTTCACACGGGTCTTCTTGG,0.0277828845416346
ACACGGGTCTTCTTGGTCTCAGG,0.143671306587932
CTCAGGGTTGTGGGAGATAACGG,0.14898114984812
GCCAGCTTGCCACGGTCTCCAGG,0.0690256431623243
TGCTGCCTGGAGGAGAAGCCTGG,0.168725726650628
GCACATTGCCAATGTTGAGCTGG,0.11124259185439
TTTGTGTATTGCGGCAAGAAGGG,0.313462654550315
TGCCGCCGAGGGCATTCACACGG,0.0300258939460234
TCTTAAACCGATACGGATCCCGG,0.212115695302666
CCTCGCCAAGGTGGTCTTCCGGG,0.309669425710189
ATCATCCACGACCCGGGCCGCGG,0.191726479001725
ATTGAGCTTGTTTCAAATTCAGG,0.135875820694515
AAGGATTAATTCATCTTTCTGGG,0.247786165522101
CTCCTGGATAACAACGTTGATGG,0.0849151729428885
AATGTAGAACTCAGCCTTCTTGG,0.0720789346983745
CTCTTACAGAGAGGCGGATTTGG,0.0618294049178102
GATACTCACAAACTGGAATTCGG,0.249103532293261
CCCAGCCTCGGCTTTCTTGTCGG,0.203178892794829
ACTGGCAGGCCTCGGCCTAAAGG,0.142450742324609
GGCCGAGGCCTGCCAGTCTCTGG,0.116073814424923
CGGCTACGGCGTAGGGTGGCAGG,0.0589682136952396
ACTGTTCCTTCACGTAGCCTCGG,0.171008986838716
ATGGCAATCCGGTTCTTCTTAGG,0.118747419440597
CGGGAAGATGGCGGACATTCAGG,0.196382152982917
AAACAAGAAGAGGGTCCTGCTGG,0.158833814424923
AGGGTCCTGCTGGGAGAAACTGG,0.237650366149061
CGATGTTCTTGTAGTACCGCGGG,0.138866416305801
ACTGGTAATGTGTCCATTCGAGG,0.119860773672572
CTCCACAGGGACGTCCAGATCGG,0.0745504080526064
CTGTGACGATGTCACCGATCTGG,0.0731802513127945
CTTCTTGGTGCCGGCAGCCTTGG,0.168887356744672
GTAACCCACCGCCATGGCCGAGG,0.167736886525236
CCACCGCCATGGCCGAGGAAGGG,0.162207105960973
GGCTCACCCTTCCTCGGCCATGG,0.083592915889597
CATTGCTGCTGGAGGTGTAATGG,0.141509425710189
CTTCGCGAATTCCACGTGCTAGG,0.242395695302666
GATTTGGTGTTCAGCACAAAGGG,0.069740376704644
TTACCTTAATTAGGTTGATTTGG,0.077891850058876
TTAGCAGCCTTACCTTAATTAGG,0.0788171165165563
TTGCAGTTGTGTAGTAGTTAAGG,0.181493751728998
ACAGACAAATTTATGCGACCAGG,0.262004598123982
TCTTATAATATCGAGCCAAACGG,0.187809112230565
ATCGAGCCAAACGGTGAATCCGG,0.137198203139656
ATTAAATGGTAGAGATCTTCAGG,0.204733500945299
TTAAGAATTCTTAAGTCTAAGGG,0.167444598123982
CACCGATCTGTGAAGGAGTAAGG,0.121097638876333
TGAAGGAGTAAGGCCCTTCTTGG,0.03064545507455
ATTTACAAACTGGCCAAGAAGGG,0.112950428844985
TCTTCATACCCGAGCGGGCAAGG,0.0485638249805061
CCTCAGAGCCCTTGCCCGCTCGG,0.0607685898707882
CAAGGGCTCTGAGGGCCGACTGG,0.0438840757642052
TACCCAGCTCCTTGCACCTCTGG,0.0561141698080923
TGCTGCTATGTTGGCTGCCCAGG,0.174399080882603
GCTGAAGGAGAGAATGTATTTGG,0.0563450162030766
CGTGGACCTCGACCAGCTGCTGG,0.352415131039343
CAGCTGCATCAGCTGCTCGCTGG,0.14453312476975
GCGCCTGCGCAAGGCCAAGAAGG,0.168655131039343
CATGGGCGGCGCCTCCTTCTTGG,0.0503640757642052
AGGTGCGTCTTCACCACTTCCGG,0.147919080882603
CTTGATCTCCACCTGGTTGAAGG,0.0865036368927318
CTCCCGCAGCCCGAGATGATCGG,0.169246980569123
GCCGGGCCGGCCATGCTTTACGG,0.181268171791694
AAAGGCCAACTTACCCAAACTGG,0.283643469597336
TGCTTCCATCCCGCCAGTTTGGG,0.174884221948434
TTTGAGTTGCACGTCAAATCTGG,0.139145663954703
CCTTGTTTAGCCTGCCTGTGAGG,0.124566353609876
TCATTGATGACCACAGAGCTGGG,0.0413219441027631
GCAAACGCCAGGTGCTTATTAGG,0.136499770537775
TGGTAGCGAGCGCGGGCACCAGG,0.0862225083660861
GATGTCTTTGATCTCCTTCTTGG,0.0451608155761174
CCCATGCTCACTCACATTTCTGG,0.100820522888873
ATTTCTGGTAATAGGCCACCAGG,0.134176761133387
CCTGGGACTCACCATAAATCTGG,0.0866490914381864
GGTCACGTGGCCCAGATTTATGG,0.133067294048747
GACATCCGTGTCCGTGTAAAGGG,0.0774445773316033
CTCGGCAAGGAGCGATTTGCTGG,0.155601839503293
CTGCAGTCTGTGCAGGTCTTCGG,0.117337764268183
CGGCAGTCTGTCCAACCTTCAGG,0.0406240130682804
TTCAGCATTTCCTTAGTGTCAGG,0.0824650162030766
TTCCTTGTAGGTCTCAGCCTTGG,0.157645475866929
CTCCTCCTCCTGCAGCTTGATGG,0.0787051415949262
TATCTCCATCAAGCTGCAGGAGG,0.040735862598061
TTGATGGAGATACCTCTTACTGG,0.0541302199648321
CACGAACAAGCGCGTGTGCGAGG,0.0399927904977475
GACCCGGGCCGCCTTCTTCACGG,0.197343156117713
CCCTACTTCACTTACCTTAATGG,0.0288044519397538
AGTGAGTTCTCCCGCCCTCTTGG,0.174656259565989
TGGTCTTGGTGTGCTGGCCTCGG,0.0603161760776848
GGCCGCCGTGGCCGCACCGTGGG,0.187268171791694
ACACACCCACGGTGCGGCCACGG,0.112852121634954
TTTCTTCTTGGACACACCCACGG,0.180693375553449
AGTCTCCGTGCAGCGGACTCAGG,0.267299018186678
ATTCACCAAGTCTCCCTATCAGG,0.235778391227431
AATGGCATCAAAGGTGGCCTTGG,0.119522341070691
TGCCACCAGCCTACCTTGCAAGG,0.323307168656898
GATGGCGGTGGCCACCTCCTTGG,0.122404974299531
CGCAGGCATTTGTTGCTATCGGG,0.158202341070691
CGACCGACGCGTACCTTAATAGG,0.215891745459405
GACGCGTACCTTAATAGGCAGGG,0.0710332920651456
TGGATGCCCGTCACCAAGTTGGG,0.256594190600471
AGCTCGCGGAGGCAAGGCCGAGG,0.235593689033073
CACTTCTCAAAGTGTACTGCTGG,0.0521658312500986
CTGCTGGCCCTCTGTATCCATGG,0.0758695303096597
TTGTTAGGGTGATTCGAATTCGG,0.160090366149061
AATTGCCACCTCCGGCTCCACGG,0.0409979315635782
GAATAGGCTGCACGTGGCCGCGG,0.21792259185439
GCACAGTTAGTGCAGCGAATAGG,0.114329613797964
TTCTTAATGGCCTTGTCCTTGGG,0.0733885271748635
TCGAATGACGAATTTCTTAATGG,0.106596698437462
ATTCGTCATTCGAAACATAGTGG,0.127638579315205
ACTCACCGCAGGTCTAAATCGGG,0.186526479001725
CTCCTTACATGGGCTTTGGTGGG,0.0305511604037036
ACATCCATGAAGTAGGAATTGGG,0.316152560506427
TTCCTCCTGAAGGAACATCCTGG,0.180299519754076
CAGCAGAGACTGATCTTTGCTGG,0.185843469597337
GATCTTTGCTGGCAAGCAGCTGG,0.0382675240400673
GGCTCACCTTATAATATTTCAGG,0.107030303453136
TCATACAGTTACTTGTCTTCTGG,0.109395946086365
GAGATGGGTGTCACCTCCATAGG,0.0714508469240798
CACCTCCATAGGCAGTGCCAAGG,0.0372400632250202
GTCTTCCTTGGCACTGCCTATGG,0.0472632607171832
AGTGCCAAGGAAGACAGCTCAGG,0.12030127523997
ACATATTGAGGCCATATTTCCGG,0.228778391227431
CACGGTCTGATCCGGAAATATGG,0.0541013798394403
GAGGCTCACCTTCCTCTTCTTGG,0.118780522888873
TTGGATTAGTTTGTCGCTGATGG,0.112725977434327
AAATCATTATCTTAGCCACCAGG,0.202296510349688
CCCAGAACACAGAATGTTCTTGG,0.126457011917086
GTGAGAAGGGCCGGCGGATTCGG,0.0353979315635782
GGCTGCGAGGTTGTGGTGTCTGG,0.0642013171435155
CAGGCCATCCACAAACTTCATGG,0.118422779942164
ATGCTGCCCTGGGACCCAACTGG,0.213062152982916
TCCACAATGCTCACGTGGTCAGG,0.14309851661928
TGGGTTCCACAATGCTCACGTGG,0.102053375553449
TTTCTTATATTGAACATAGCAGG,0.0589179315635782
ATGTTCAATATAAGAAATATTGG,0.0437705961403807
TTTGTAGAAATTGCATCTGATGG,0.106729488406114
TTGCTTCGTCTGTTCTGTGTTGG,0.0325292168300359
ACCAACAGGTCCGCCAAATCCGG,0.0866242638519794
TTTGTCTCTCTCTTCAGCAATGG,0.165255632606741
CTGCCTAGGTAACCTGTGTATGG,0.0356734174569951
TGATACCATTCAGATTGATTTGG,0.289256510349688
CAAAGTGAGAAAGATCTTTGTGG,0.0844974926921048
TTCTTACCCATGAATCCAGCAGG,0.0817687152626378
AGCTCCAAAGCATTGGATGCTGG,0.244959331666302
TTAGTGAGGCGCTCCACAATGGG,0.0282258939460234
CCAGGCTCACCTGGTTCACACGG,0.194928861446866
TGCTGTCTTCCTAGGCCATCTGG,0.23487707461301
CAGCTCGTCCTTCTTCTTAATGG,0.215513312857525
GTCTCTTCGCAATTTGTTCCTGG,0.161479080882603
TAGACTAACCTTCATTCTCTTGG,0.132037450788559
TACGCCGCCGTTTGTGCTGCAGG,0.200742403766616
ATCTTGGGTGCTTTGGTCCTAGG,0.223843093421788
ACTACAGTGCCTCGCCGCCTGGG,0.0489196870494716
AAATCTGAGCGTTCTCAACTTGG,0.146257262700785
GTAGCAGGCGGACACGGCCATGG,0.145226917873199
TGTCGTTCCCACCACTGATTCGG,0.215207482136522
CGTCCACTTCAATGAGTTTCTGG,0.0434255177704747
CTCGTCCGGCTTCTCGCCATTGG,0.160897388092634
AAGCCGGACGAGTTCGAGTCCGG,0.102384284644359
TTTCTTTAGGAAATTGAAGTTGG,0.136124974299531
TTCTGGAAAGATTTCAGTTGAGG,0.0419784958269011
ATTCGCGTACTAGCCGGACTTGG,0.116296259565989
TCTCCAATTCGCGTACTAGCCGG,0.10456522508323
CGATGCCATCCTTGAGGACTTGG,0.212040961760346
TTGTTTACAATTGAAACTCTGGG,0.208543657685111
TTCCACATGCAGGCATCTCTCGG,0.0429517873629513
TACTTCCGCTTCTTGTGGTAGGG,0.0879777434758039
GCAATTCTTCACCAGGGTCTTGG,0.23104259185439
AAGAGTTGGAGTTCTATCTTAGG,0.185641087152195
TCGAGACGAGATTTCTCGAAGGG,0.169409989973512
GACCAAGAGCTGAAGCTGATCGG,0.31915180815533
CCAAGATCCGCAAGGCCGCCCGG,0.0545413798394403
GCAGTTCCCGGGCGGCCTTGCGG,0.200919080882603
CAACGCCCTGCTGCGGCGGCTGG,0.287346165522101
CTAAGAAATCCTCTATCTTCAGG,0.209103156117713
TGATCCGCCAGCGCCATATCAGG,0.0615080256074654
ATCCGAGGTGGTACCTGATATGG,0.181219394362227
TCTCTCTGCGCTCTCCCTACGGG,0.0459645773316033
